human,continue,explain,create
0.0,0.0,0.0,1.0
0.0,0.0,0.0,0.05555555555555555
0.0,0.0,0.0,0.07142857142857142
0.0,0.0,0.07894736842105263,1.0
0.0,0.0,0.0,0.034482758620689655
0.0,0.0,0.0,0.06666666666666667
0.0,0.0,0.0,1.0
0.0,0.0,0.0,1.0
0.0,0.0,0.0,0.0
0.0,0.0,0.0,0.04
