human,continue,explain,create
0.0,0.0,0.08333333333333333,0.0
0.0,0.0,0.0,0.0
0.0,0.08695652173913043,0.17647058823529413,0.0
0.0,0.12903225806451613,0.1,1.0
0.0,0.0,0.08823529411764706,1.0
0.0,0.0,0.0,0.058823529411764705
0.0,0.1935483870967742,0.0,1.0
0.0,0.06896551724137931,0.0,0.0
0.0,0.08571428571428572,0.0,0.0
0.0,0.09090909090909091,0.35,0.06666666666666667
