human,continue,explain,create
0.0,0.0,0.016042780748663103,0.0
0.0,0.0,0.009453781512605041,0.004457652303120356
0.0,0.0219435736677116,0.030303030303030304,0.0
0.0,0.02741514360313316,0.030959752321981424,0.0
0.0,0.0,0.013910355486862442,0.0
0.0,0.0,0.0,0.0
0.0,0.0,0.020022246941045607,0.0011299435028248588
0.0,0.011857707509881422,0.0,0.008818342151675485
0.0,0.0011376564277588168,0.014247551202137132,0.0026086956521739132
0.0,0.0,0.0,0.0
