human,continue,explain,create
0.0,0.0,0.0,0.0
0.0,0.0,0.0,0.0
0.0,0.0,0.0,0.0
0.0,0.0,0.0043541364296081275,0.0013774104683195593
0.0,0.0,0.0,0.004830917874396135
0.0,0.0,0.004341534008683068,0.0
0.0,0.0,0.0,0.0
0.0,0.0,0.0,0.0
0.0,0.0,0.0,0.014787430683918669
0.0,0.0,0.0,0.00510204081632653
