lemma,shannon
der,1.7621408020140334
westlich,0.6931471805599453
ein,1.539654447440098
eigen,0.6931471805599453
sein,1.8392967479776607
werden,0.6730116670092565
ander,1.0986122886681096
massiv,0.6931471805599453
mobil,1.0397207708399179
digital,0.6931471805599453
dies,0.6365141682948128
können,0.6931471805599453
bleiben,0.6931471805599453
welch,0.6365141682948128
