lemma,shannon
wir,0.410116318288409
sein,1.1569876443452742
der,1.5458159511946588
blau,0.7356219397587946
geben,0.6730116670092565
grün,0.6365141682948128
ein,0.8486855577264172
alle,0.6931471805599453
dein,0.6931471805599453
werden,0.6931471805599453
