lemma,shannon
sein,1.3321790402101223
ein,0.9502705392332347
innovativ,0.6931471805599453
der,1.594981797390107
dies,1.3321790402101223
wichtig,0.6931471805599453
gesellschaftlich,0.6931471805599453
vermitteln,0.6931471805599453
ihr,0.6931471805599453
haben,0.6931471805599453
bauen,0.6931471805599453
lokal,0.6931471805599453
erreichen,0.6931471805599453
nachhaltig,0.6931471805599453
modern,0.6931471805599453
