lemma,shannon
dies,0.9556998911125343
der,1.8009889984336485
irisch,0.6365141682948128
international,0.6931471805599453
ein,1.559581156259877
sein,1.5498260458782016
streng,0.6931471805599453
weit,0.6931471805599453
ziehen,0.6931471805599453
wirtschaftlich,0.6931471805599453
werden,1.242453324894
massiv,0.6931471805599453
zeigen,0.6931471805599453
welch,0.6931471805599453
positiv,0.6931471805599453
