lemma,shannon
der,1.649946205827148
kennen,0.6931471805599453
neu,1.3862943611198906
haben,0.6931471805599453
zeigen,0.6931471805599453
ein,1.591095563595939
sein,1.7478680974667573
werden,1.559581156259877
dies,0.9502705392332347
können,0.6931471805599453
viel,0.6931471805599453
digital,0.6931471805599453
groß,0.6931471805599453
stark,0.6931471805599453
klein,0.6931471805599453
zunehmend,0.6931471805599453
