lemma,shannon
er,0.9950269901795212
der,1.7323378339847948
ein,1.2730283365896258
sein,1.6769877743224173
alt,0.6931471805599453
werfen,0.6931471805599453
werden,1.0549201679861442
jed,0.6931471805599453
verstehen,0.6931471805599453
jen,0.6931471805599453
welch,0.6365141682948128
dies,0.6931471805599453
müssen,0.6931471805599453
hoch,0.6931471805599453
