lemma,shannon
der,1.6668829111681454
amerikanisch,0.6365141682948128
ihr,1.3862943611198906
sein,1.242453324894
ein,0.9368883075390159
werden,0.6931471805599453
geldpolitisch,0.6931471805599453
haben,1.0986122886681096
national,0.6931471805599453
zentral,0.6931471805599453
dies,1.0397207708399179
jed,0.6931471805599453
System,0.6931471805599453
finanziell,0.6931471805599453
können,1.0397207708399179
