lemma,shannon
eigen,0.6931471805599453
haben,0.5623351446188083
dies,1.0549201679861442
der,1.6020008399711876
sein,1.329661348854758
richtig,0.6931471805599453
sie,0.45056120886630463
sportlich,1.0986122886681096
erfolgreich,0.6931471805599453
ein,1.2130075659799042
ihr,1.351783994289646
ich,1.0397207708399179
mein,0.6931471805599453
setzen,0.6931471805599453
wichtig,0.6931471805599453
Ihr|ihr,0.6931471805599453
geben,0.6931471805599453
spät,0.6931471805599453
