lemma,shannon
der,1.6912933231120448
neu,1.0986122886681096
ein,1.5157079520857129
wir,0.5004024235381879
jung,1.0986122886681096
innovativ,1.0986122886681096
möglich,1.0986122886681096
werden,1.0114042647073518
genetisch,0.6931471805599453
menschlich,0.6931471805599453
sein,1.0986122886681096
dies,1.3321790402101223
halten,0.6931471805599453
können,0.6931471805599453
bleiben,0.6931471805599453
nachhaltig,0.6931471805599453
