lemma,shannon
der,1.908138889807703
ein,1.3337360272028096
sein,1.7478680974667573
werden,1.0549201679861442
mobil,0.6931471805599453
bleiben,0.5623351446188083
viel,0.6730116670092565
zeigen,0.6931471805599453
groß,1.0986122886681096
berichten,0.6931471805599453
unser,0.6365141682948128
sehen,0.6931471805599453
ihr,0.6365141682948128
langfristig,0.6931471805599453
müssen,0.6931471805599453
effizient,0.6931471805599453
welch,0.6931471805599453
gemeinsam,0.6931471805599453
