lemma,shannon
der,1.6500661586440621
ein,1.2148896539491203
dies,0.8675632284814612
werden,1.0549201679861442
modern,1.0549201679861442
beginnen,0.6931471805599453
früh,0.6931471805599453
sein,1.3862943611198906
stellen,0.6931471805599453
spät,0.6931471805599453
europäisch,0.6931471805599453
welch,1.0986122886681096
nachhaltig,0.6931471805599453
