lemma,shannon
der,1.7352698378023508
ihr,0.6931471805599453
dies,1.5229550675313184
setzen,1.0986122886681096
ein,1.5571130980576455
sein,1.4750763110546947
werden,1.5607104090414063
gründlich,0.6931471805599453
nehmen,0.6931471805599453
alle,0.6931471805599453
ander,0.6931471805599453
langfristig,0.6931471805599453
unterschiedlich,0.6931471805599453
wir,0.6365141682948128
können,0.6931471805599453
vermeiden,0.6931471805599453
