lemma,shannon
der,1.6547405764716727
klassisch,0.6931471805599453
neu,1.3321790402101223
ein,1.6957425341696346
gelten,0.6931471805599453
virtuell,0.6931471805599453
nutzen,0.6365141682948128
dies,0.9649629230074277
musikalisch,0.6365141682948128
sein,1.7478680974667573
kein,0.6931471805599453
historisch,1.0986122886681096
werden,1.0986122886681096
akustisch,0.6931471805599453
haben,0.6931471805599453
jung,0.6931471805599453
