lemma,shannon
der,1.5276450630072649
in,0.3250829733914482
hoch,1.6094379124341005
sein,1.2130075659799042
haben,0.5623351446188083
dies,1.5607104090414063
ein,1.4941751382893085
werden,0.6365141682948128
welch,0.6931471805599453
modern,0.6931471805599453
können,0.6365141682948128
klein,0.6931471805599453
innovativ,0.6931471805599453
setzen,0.6931471805599453
groß,0.6931471805599453
verbinden,0.6931471805599453
