lemma,shannon
der,1.7187096983335801
ein,1.1490596969706204
modern,1.0986122886681096
sein,1.0114042647073516
unser,1.0114042647073516
ich,0.6365141682948128
wir,0.6365141682948128
dies,1.0986122886681096
können,1.351783994289646
werden,1.0397207708399179
mögen,0.6931471805599453
nachhaltig,0.6365141682948128
kürzlich,0.6931471805599453
gezielt,0.6365141682948128
bleiben,0.6931471805599453
