lemma,shannon
der,1.7312089679268705
ein,1.6094379124341
sein,1.8343719702816237
dies,0.6931471805599453
vorbereiten,0.6931471805599453
er,1.0114042647073516
beginnen,0.6931471805599453
werden,1.3321790402101223
alle,0.6931471805599453
voll,1.0986122886681096
neu,0.6931471805599453
knapp,0.6931471805599453
