lemma,shannon
der,1.644266650502943
sein,1.5810937501718239
ein,1.310783678099714
sozial,0.6931471805599453
staatlich,0.6931471805599453
mexikanisch,0.6365141682948128
dies,1.0114042647073516
politisch,1.0986122886681096
unser,0.6931471805599453
wir,0.5623351446188083
können,1.3296613488547582
werden,0.9502705392332347
