lemma,shannon
der,1.6488414396155684
sein,2.1116308425056016
emotional,0.6931471805599453
ein,1.5821699429252505
künstlerisch,0.6931471805599453
er,0.6931471805599453
machen,0.6931471805599453
finden,0.6931471805599453
zeigen,0.6365141682948128
einzigartig,0.6931471805599453
modern,1.3862943611198906
dies,1.3321790402101223
klassisch,0.6365141682948128
tief,0.6931471805599453
bleiben,0.6931471805599453
