lemma,shannon
der,1.6476924453464994
haben,0.6365141682948128
machen,0.6931471805599453
vergangen,0.6931471805599453
ihr,1.0986122886681096
ein,1.7201934592198251
dies,1.277034259466139
ursprünglich,0.6931471805599453
sein,1.3321790402101223
innovativ,0.6931471805599453
sagen,0.6931471805599453
welch,0.6365141682948128
international,0.6931471805599453
