lemma,shannon
ein,1.2963611597910565
der,1.718931123330719
werden,0.9502705392332347
wirtschaftlich,0.6365141682948128
sein,1.4941751382893085
dies,1.2554823251787537
international,0.6931471805599453
haben,0.5623351446188083
spielen,0.6931471805599453
nachhaltig,0.6931471805599453
können,1.0986122886681096
