lemma,shannon
der,1.7178249734267723
digital,0.6730116670092565
sein,1.4941751382893085
amerikanisch,0.6365141682948128
dies,0.5623351446188083
haben,0.5623351446188083
global,1.0986122886681096
können,1.0986122886681096
ein,1.2554823251787537
chinesisch,0.6365141682948128
stehen,0.6365141682948128
wir,0.6931471805599453
werden,1.3862943611198906
eigen,0.6365141682948128
scheinen,0.6931471805599453
geben,0.6931471805599453
