lemma,shannon
ein,1.488036044178116
grün,1.0986122886681096
der,1.8912966441963994
weit,0.6931471805599453
jed,1.0397207708399179
sein,0.9502705392332347
werden,1.0986122886681096
dies,1.351783994289646
positiv,0.6931471805599453
wir,0.6931471805599453
zeigen,0.6931471805599453
müssen,0.6931471805599453
haben,0.6931471805599453
einzeln,0.6931471805599453
stehen,0.6931471805599453
welch,0.6931471805599453
jen,0.6931471805599453
global,0.6931471805599453
