lemma,shannon
der,1.751942259730426
ein,1.0608569471580214
sein,0.8675632284814612
wirtschaftlich,0.6931471805599453
politisch,0.6931471805599453
können,0.6931471805599453
dies,1.0397207708399179
viel,0.6931471805599453
haben,1.0397207708399179
hoch,0.5623351446188083
direkt,0.6931471805599453
werden,0.6365141682948128
gut,0.6931471805599453
lassen,0.6931471805599453
schaffen,0.6931471805599453
