lemma,shannon
der,1.856608500974441
ein,1.0789922078775833
tief,0.6931471805599453
bleiben,0.6931471805599453
zunehmend,0.6931471805599453
innovativ,0.6931471805599453
antizyklisch,0.6365141682948128
regulatorisch,0.6931471805599453
werden,1.0397207708399179
dies,1.0986122886681096
sein,0.6931471805599453
sollen,0.6931471805599453
können,0.6931471805599453
digital,0.6931471805599453
umfassend,0.6931471805599453
solch,0.6931471805599453
erhalten,0.6931471805599453
