lemma,shannon
der,1.70488618994161
ein,1.7045514452672972
werden,1.0986122886681096
sein,1.844621476365503
alt,0.6931471805599453
ich,0.6931471805599453
entscheidend,0.6931471805599453
stehen,0.6931471805599453
alle,0.6931471805599453
positiv,1.0397207708399179
nachhaltig,0.6931471805599453
beruflich,0.6931471805599453
persönlich,0.6365141682948128
komfortabel,0.6931471805599453
bedeutend,0.6931471805599453
langfristig,0.6931471805599453
