lemma,shannon
der,1.6553072548734835
zeigen,1.0986122886681096
erst,0.6365141682948128
ein,1.0608569471580214
nachhaltig,0.6931471805599453
vergangen,0.6931471805599453
dies,0.6730116670092565
werden,0.6931471805599453
europäisch,0.6365141682948128
international,1.0986122886681096
sein,1.0986122886681096
langfristig,0.6931471805599453
klar,1.0986122886681096
bleiben,0.6365141682948128
sozial,0.6365141682948128
