lemma,shannon
der,1.6968950476761906
zunehmend,0.6931471805599453
global,0.6931471805599453
haben,0.5623351446188083
ihr,0.6931471805599453
ein,1.4894588207337582
sein,1.0114042647073516
dies,1.2730283365896256
langfristig,0.6931471805599453
viel,1.0986122886681096
sicher,0.6931471805599453
wachsend,0.6931471805599453
international,0.6365141682948128
nachhaltig,0.6931471805599453
positiv,0.6931471805599453
