lemma,shannon
der,1.6454441380184475
sein,1.4941751382893085
ihr,1.0986122886681096
ein,1.2148896539491205
haben,0.6365141682948128
dies,0.6365141682948128
global,0.6931471805599453
neu,0.6931471805599453
zeigen,0.6931471805599453
gut,0.6931471805599453
zahlreich,0.6931471805599453
er,0.6365141682948128
bleiben,1.0986122886681096
unverkennbar,0.6931471805599453
vollständig,0.6931471805599453
