lemma,shannon
der,1.7523195123096944
ein,1.412744636863848
haben,1.3321790402101223
sein,1.5498260458782016
dies,1.0986122886681096
ihr,1.3208883431493221
bekommen,0.6931471805599453
ich,0.5623351446188083
viel,1.0986122886681096
können,1.0397207708399179
müssen,0.6365141682948128
jed,0.6931471805599453
einfach,0.6931471805599453
werden,1.0986122886681096
nah,0.6931471805599453
neu,0.6931471805599453
kein,0.6931471805599453
common,0.6931471805599453
