lemma,shannon
der,1.5565710457661686
sein,1.3862943611198906
dies,1.0549201679861442
ihr,1.3862943611198906
sehen,0.6931471805599453
ein,1.0114042647073518
aktuell,0.6931471805599453
steigen,0.6931471805599453
relativ,0.6931471805599453
hoch,0.6365141682948128
nachhaltig,0.6931471805599453
