lemma,shannon
der,1.4852761311003544
ein,1.4270610433807247
Jugendliche,1.0397207708399179
werden,1.351783994289646
jung,0.6931471805599453
nachhaltig,1.0986122886681096
ihr,1.0549201679861442
dies,1.277034259466139
können,0.6931471805599453
tragen,0.6931471805599453
haben,1.0986122886681096
verschieden,0.6931471805599453
sein,1.5607104090414063
ander,0.6931471805599453
hoffen,0.6931471805599453
weit,0.6931471805599453
entsprechend,0.6931471805599453
