lemma,shannon
der,1.747260203981019
ein,1.7201934592198251
urban,0.6931471805599453
weltweit,0.5623351446188083
sein,0.6931471805599453
können,0.6931471805599453
werden,1.3296613488547582
haben,0.6365141682948128
hoch,0.6931471805599453
öffentlich,1.0397207708399179
privat,0.6931471805599453
dies,0.9502705392332347
lokal,0.6931471805599453
solch,1.3862943611198906
sehen,0.6931471805599453
weit,0.6365141682948128
nah,0.6931471805599453
potentiell,0.6931471805599453
