lemma,shannon
der,1.656506732424444
global,1.0397207708399179
Bank,0.410116318288409
dies,0.9950269901795212
werden,0.6730116670092565
haben,0.6931471805599453
ein,1.3208883431493221
sein,1.3208883431493221
müssen,1.0397207708399179
sollen,0.6365141682948128
können,0.6365141682948128
robust,0.6931471805599453
welch,1.0986122886681096
langfristig,0.6931471805599453
regulativ,0.6931471805599453
