lemma,shannon
der,1.6610543253388403
ein,1.4003265762311883
sportlich,0.6931471805599453
alt,0.6931471805599453
international,0.6931471805599453
sein,1.9172155185650601
er,0.8486855577264172
werden,0.6365141682948128
dies,0.6365141682948128
haben,0.6931471805599453
erst,0.6931471805599453
olympisch,0.6931471805599453
bleiben,1.0986122886681096
zeigen,0.6365141682948128
letzt,0.6931471805599453
