lemma,shannon
der,1.6702928823453744
wirtschaftlich,1.0986122886681096
ein,1.7351264569629228
er,0.5623351446188083
für,0.5623351446188083
sein,1.329661348854758
geben,0.6931471805599453
persönlich,0.6365141682948128
sprechen,0.6931471805599453
dies,1.0397207708399179
viel,0.6931471805599453
ihr,1.3862943611198906
werden,0.6931471805599453
groß,1.0986122886681096
weltweit,0.6931471805599453
neu,0.6931471805599453
bleiben,0.6365141682948128
welch,0.6931471805599453
