lemma,shannon
der,1.6671720385864406
ein,1.6459168300174678
sein,0.6931471805599453
haben,0.6931471805599453
prognostizieren,0.6931471805599453
können,1.0986122886681096
dies,1.0114042647073516
weit,0.6931471805599453
global,0.6931471805599453
werden,0.6365141682948128
sollen,0.6931471805599453
alle,0.6931471805599453
negativ,0.6931471805599453
stark,0.6931471805599453
privat,0.6365141682948128
