lemma,shannon
der,1.772881798473011
dies,1.0549201679861442
sozial,1.0114042647073516
werden,1.3321790402101223
ein,1.5047882836811908
ihr,1.0397207708399179
können,0.9502705392332347
gut,1.3862943611198906
sein,0.6931471805599453
gewinnen,0.6931471805599453
emotional,0.6931471805599453
hoch,0.6931471805599453
bleiben,0.6931471805599453
gezielt,0.6931471805599453
digital,0.6931471805599453
