lemma,shannon
der,1.7618084113330215
ein,1.4941751382893085
neu,0.6931471805599453
dies,1.4142790651247086
ihr,1.0986122886681096
sie,0.6365141682948128
kreativ,0.6931471805599453
werden,0.6365141682948128
sein,1.0397207708399179
unser,1.3208883431493221
wir,0.5623351446188083
zeigen,0.6931471805599453
überraschend,0.6931471805599453
stehen,0.6931471805599453
weit,1.0986122886681096
innovativ,0.6931471805599453
renommiert,0.6931471805599453
