lemma,shannon
der,1.5465986860485121
flexibel,0.6365141682948128
modern,0.6931471805599453
können,0.6365141682948128
dies,0.8675632284814612
künftig,0.6931471805599453
ein,1.242453324894
früh,0.6931471805599453
werden,1.0986122886681096
sein,1.4750763110546947
zeigen,0.6365141682948128
neu,0.6931471805599453
fehlen,0.6931471805599453
hoch,0.6365141682948128
ergeben,0.6931471805599453
lassen,0.6931471805599453
bleiben,0.6931471805599453
europäisch,0.6931471805599453
