lemma,shannon
der,1.5751646489078037
ein,1.7201934592198251
dies,0.9743147528693494
werden,0.5004024235381879
können,1.3296613488547582
sein,0.6931471805599453
hoch,0.6931471805599453
groß,1.0986122886681096
benötigen,0.6931471805599453
positiv,0.6931471805599453
neu,0.6931471805599453
ökologisch,0.6931471805599453
nachhaltig,1.0549201679861442
domain,0.6931471805599453
