lemma,shannon
der,1.6864811091960186
ein,1.5465986860485124
werden,1.277034259466139
ihr,1.3321790402101223
dies,1.5498260458782016
weit,0.6931471805599453
sein,1.7917594692280547
verschieden,0.6931471805599453
solch,0.6931471805599453
jung,0.6931471805599453
geben,0.6931471805599453
