lemma,shannon
der,1.6250141513699474
ein,1.5607104090414063
werden,1.3321790402101223
ihr,0.6931471805599453
dies,1.0549201679861442
sein,1.0986122886681096
verschieden,0.6931471805599453
ander,0.6931471805599453
alle,0.6931471805599453
zeigen,1.0986122886681096
spezifisch,0.6931471805599453
sozial,0.6931471805599453
hoch,0.6931471805599453
potentiell,0.6931471805599453
neu,0.6931471805599453
offiziell,0.6931471805599453
