lemma,shannon
ein,1.5157079520857129
haben,0.6931471805599453
ihr,1.5607104090414063
der,1.772832696834777
beginnen,0.6931471805599453
musikalisch,0.6931471805599453
dies,0.5623351446188083
bieten,0.6931471805599453
klassisch,1.0986122886681096
werden,0.6931471805599453
sein,1.6094379124341005
bedeutend,0.6931471805599453
international,0.6931471805599453
