lemma,shannon
der,1.7080349811100308
jung,0.6931471805599453
haben,0.6365141682948128
sein,1.7782333057997077
ein,1.3321790402101223
ihr,1.3862943611198906
dies,0.9502705392332347
künstlerisch,0.6931471805599453
gemeinsam,1.0986122886681096
er,0.6730116670092565
geben,0.6931471805599453
neu,0.6365141682948128
ander,0.6931471805599453
spezifisch,0.6931471805599453
positiv,1.0986122886681096
narrativ,0.6931471805599453
