lemma,shannon
der,1.6588881376069733
werden,1.0042424730540764
ein,1.6304325826288886
verfügen,0.6931471805599453
hoch,1.3862943611198906
gut,0.5623351446188083
gering,0.6931471805599453
sein,0.6615632381579821
ander,0.6365141682948128
gehören,0.6931471805599453
stark,0.6931471805599453
müssen,0.6931471805599453
haben,1.0397207708399179
dies,1.0397207708399179
klar,0.6931471805599453
neu,0.6931471805599453
