lemma,shannon
der,1.4500666396873083
sein,1.5256715197633528
können,0.5004024235381879
ander,0.5623351446188083
werden,0.9002560512685369
stark,1.3862943611198906
dies,0.8675632284814612
südeuropäisch,0.6365141682948128
europäisch,0.5623351446188083
ein,1.7104932300550042
stellen,0.6931471805599453
haben,1.0397207708399179
viel,0.6931471805599453
müssen,0.5623351446188083
zeigen,0.6931471805599453
hoch,0.6931471805599453
