lemma,shannon
der,1.525303043147516
sein,0.8425434329028281
viel,1.0397207708399179
welch,0.6365141682948128
sie,0.6365141682948128
geben,1.0397207708399179
global,1.0114042647073516
ein,1.0549201679861442
hoch,1.3321790402101223
ihr,1.0986122886681096
stark,1.7328679513998633
alle,0.6931471805599453
groß,0.6931471805599453
international,0.6730116670092565
dies,1.0986122886681096
gut,0.6365141682948128
können,0.6931471805599453
