lemma,shannon
der,1.6657667207537248
ein,1.0789922078775833
haben,0.6931471805599453
dies,0.6365141682948128
sein,1.3038755293363848
werden,1.0042424730540764
besonder,0.6931471805599453
gelingen,0.6931471805599453
neu,0.6931471805599453
stehen,0.6931471805599453
2,0.6365141682948128
