lemma,shannon
der,1.3596759336536552
sein,1.0608569471580214
ein,1.236684869140504
geschlechtsspezifisch,0.6931471805599453
wir,0.45056120886630463
können,0.6365141682948128
ihr,1.0397207708399179
ich,0.3250829733914482
werden,0.5004024235381879
schlagen,0.6931471805599453
unser,1.3321790402101223
dies,1.0986122886681096
sollen,0.6365141682948128
viel,0.6365141682948128
