lemma,shannon
der,1.5901619567399377
sein,1.4941751382893085
sie,0.3250829733914482
haben,1.475076311054695
ihr,1.103432909638192
viel,0.6365141682948128
wir,0.410116318288409
ich,0.6931471805599453
ein,1.4941751382893085
gut,1.0986122886681096
dies,0.6931471805599453
zeigen,0.6931471805599453
unser,0.6931471805599453
bleiben,0.6931471805599453
werden,1.0114042647073516
welch,0.6931471805599453
