lemma,shannon
der,1.6209457714722406
viel,0.6931471805599453
stark,0.6931471805599453
ein,1.2530462261125412
werden,1.267235545459896
dies,1.277034259466139
schwer,0.6931471805599453
sein,1.1490596969706202
kein,0.6365141682948128
ihr,0.6365141682948128
jung,0.5623351446188083
fordern,0.6365141682948128
flächendeckend,0.6931471805599453
können,0.6829081047004717
weit,0.6931471805599453
haben,0.6931471805599453
ergreifen,0.6931471805599453
