lemma,shannon
sein,1.4735023850806486
ein,1.3904377949394804
der,1.6598332716655584
klein,0.6931471805599453
sollen,0.6931471805599453
dies,0.7963116401738131
werden,1.5047882836811908
haben,1.242453324894
ihr,0.936888307539016
sie,0.6108643020548935
tief,0.6931471805599453
öffnen,0.6931471805599453
finden,0.6365141682948128
ander,0.6931471805599453
erzählen,0.6931471805599453
wir,0.6931471805599453
