lemma,shannon
der,1.6755964794039495
haben,1.2798542258336674
ein,1.4701319204088408
weit,0.6365141682948128
sein,1.7326587201992076
damalig,0.6931471805599453
schwanger,0.5623351446188083
ungeboren,0.6365141682948128
ihr,1.3321790402101223
setzen,0.6931471805599453
werden,0.9743147528693494
angeblich,0.6931471805599453
können,1.0397207708399179
deutlich,0.6931471805599453
kommen,0.6931471805599453
lang,0.6931471805599453
müssen,0.6931471805599453
