lemma,shannon
der,1.6252461262948903
ein,1.205697772011519
sein,2.209241706468468
er,1.012494711026758
alle,0.5623351446188083
liebevoll,0.6365141682948128
haben,0.6365141682948128
machen,0.6931471805599453
dies,0.6365141682948128
sie,0.5623351446188083
groß,0.6931471805599453
geben,0.6365141682948128
werden,0.8675632284814612
beenden,0.6931471805599453
gehen,0.6931471805599453
fest,0.6931471805599453
jed,0.6931471805599453
wild,0.6931471805599453
