lemma,shannon
der,1.6898229050448699
erst,0.6365141682948128
international,0.34883209584303193
ein,1.5029045168151294
bemerkenswert,0.6931471805599453
sein,1.8242473519705933
klar,0.6931471805599453
geben,0.6931471805599453
betonen,0.6931471805599453
neu,0.6365141682948128
groß,0.6931471805599453
werden,0.8599672810355049
dies,1.310783678099714
zeigen,0.6931471805599453
global,0.6931471805599453
