lemma,shannon
nachhaltig,0.6869615765973234
ein,1.2658567518727373
werden,1.0549201679861442
der,1.5857428843115988
dies,1.7478680974667573
besonder,0.6931471805599453
haben,0.6730116670092565
sein,1.242453324894
erreichen,0.6931471805599453
finanziell,0.6931471805599453
ihr,0.9502705392332347
weit,0.6365141682948128
