lemma,shannon
der,1.7325585359505105
beschreiben,0.6931471805599453
ein,1.5999714209268676
dramatisch,0.6931471805599453
letzt,0.7963116401738131
schaffen,1.0986122886681096
erzielen,0.7963116401738131
haben,1.0042424730540764
spät,0.6931471805599453
werden,1.1988493129136213
sein,1.4184836619456564
bemerkenswert,0.6365141682948128
beide,0.9502705392332347
ihr,0.6931471805599453
einzeln,0.6931471805599453
erst,0.6365141682948128
gut,0.6931471805599453
dies,0.6931471805599453
