lemma,shannon
der,1.2828940476286081
verschieden,0.6931471805599453
werden,0.9556998911125343
ein,1.4019454593787286
stark,1.0986122886681096
zeigen,0.8675632284814612
haben,1.0397207708399179
sein,1.4270610433807247
beide,0.6365141682948128
machen,0.6931471805599453
spielen,0.5004024235381879
dies,0.6931471805599453
sitzen,0.6931471805599453
verlieren,0.6931471805599453
