lemma,shannon
der,1.6745510334911724
ein,1.1246702892376168
gewinnen,0.5623351446188083
sein,1.0821955300387673
feiern,0.5623351446188083
werden,0.6365141682948128
neu,0.6931471805599453
können,0.9502705392332347
massiv,0.6931471805599453
wichtig,0.6365141682948128
holen,0.6931471805599453
spannend,1.0986122886681096
