lemma,shannon
der,1.501653052523638
beschreiben,0.6365141682948128
ein,1.5256715197633526
abschaffen,0.5623351446188083
verbessern,0.6365141682948128
werden,1.4161071302294734
sollen,0.5623351446188083
dies,1.0123308391031736
können,1.0114042647073518
geben,0.9502705392332347
sagen,0.5623351446188083
sein,1.1490596969706204
verschieden,0.6931471805599453
sozial,1.0397207708399179
stehen,0.6931471805599453
haben,1.0549201679861442
weit,0.6931471805599453
