lemma,shannon
der,1.6048234871832106
ein,1.5065950881316383
jung,0.6365141682948128
rechtsextrem,1.0281838593329258
sein,1.053395498360576
verschieden,0.5623351446188083
recht,0.5623351446188083
sozial,0.6931471805599453
werden,0.7393213302245918
kein,0.6365141682948128
geben,0.6365141682948128
solch,0.6365141682948128
dies,1.3208883431493221
regional,0.6931471805599453
können,0.5623351446188083
weiß,0.5623351446188083
bieten,0.6931471805599453
