lemma,shannon
der,1.5571609229846626
sein,1.3156580703985552
ein,1.6294887904092177
viel,0.6365141682948128
geben,0.37677016125643675
hoch,1.351783994289646
fahren,0.7356219397587946
werden,0.6615632381579821
schnell,0.6365141682948128
können,1.277034259466139
verschieden,0.6365141682948128
unterschiedlich,0.6931471805599453
finden,0.37677016125643675
finanziell,0.6931471805599453
bieten,0.6730116670092565
umweltfreundlich,0.6931471805599453
dies,0.6365141682948128
