lemma,shannon
der,1.7094975847687441
ein,1.4791328074296435
entwickeln,0.6931471805599453
haben,1.0549201679861442
dies,1.3862943611198906
können,1.0549201679861442
werden,0.6730116670092565
sein,1.0720169685631928
wenig,0.6931471805599453
effizient,1.0986122886681096
bekannt,0.6931471805599453
d,0.6931471805599453
geben,0.6931471805599453
betonen,0.6931471805599453
schweizerisch,0.5623351446188083
aromatisiert,0.6931471805599453
