lemma,shannon
der,1.6468545042087686
ein,1.6715952780212544
sein,1.9950251884608246
er,0.42270908780599087
stehen,0.6931471805599453
sollen,0.6931471805599453
werden,1.3208883431493221
müssen,0.9502705392332347
haben,0.5623351446188083
bevorstehend,0.5004024235381879
planen,0.6931471805599453
geben,0.6365141682948128
bringen,0.6931471805599453
groß,0.6931471805599453
dies,1.0986122886681096
können,0.6365141682948128
verlassen,0.6931471805599453
zeigen,0.6365141682948128
