lemma,shannon
der,1.7294473838395557
ein,1.6326309271543518
beschreiben,0.6730116670092565
stressig,0.6365141682948128
verschieden,0.6365141682948128
werden,0.7902679680745903
sein,1.7480673485460896
können,0.6365141682948128
ihr,0.9556998911125343
alle,0.6365141682948128
persönlich,0.6931471805599453
gewinnen,1.0986122886681096
gut,0.6931471805599453
zeigen,0.6931471805599453
schwierig,0.6931471805599453
haben,0.5623351446188083
