lemma,shannon
dies,0.5623351446188083
ein,1.5740973368489728
der,1.7047402261833786
spielen,0.5623351446188083
klein,0.410116318288409
sein,1.9246853544434814
er,0.355712859746894
viel,1.0397207708399179
wichtig,0.7963116401738131
haben,1.1209503926735833
werden,0.6559757323365467
erst,0.6931471805599453
groß,0.6931471805599453
geben,1.0986122886681096
letzt,0.6365141682948128
ständig,0.6931471805599453
gehen,0.6931471805599453
