lemma,shannon
der,1.649254645778497
ein,1.5095337197920051
sein,1.631345420808597
werden,0.7214636866925115
dies,1.3321790402101223
ander,0.6931471805599453
weit,1.0114042647073516
tragen,0.6931471805599453
zeigen,0.5623351446188083
exzentrisch,0.6931471805599453
viel,0.6931471805599453
unterhaltsam,0.6931471805599453
