lemma,shannon
der,1.638458293539929
werden,1.2148896539491203
ein,1.6774733361417273
haben,0.6365141682948128
kurz,0.6931471805599453
nah,0.6931471805599453
nach,0.45056120886630463
romantisch,0.6365141682948128
sein,0.6365141682948128
ihr,0.6901856760188042
beide,0.6931471805599453
sie,0.5004024235381879
gesamt,0.6931471805599453
mexikanisch,0.6931471805599453
geben,0.5623351446188083
alle,0.6931471805599453
dies,0.5004024235381879
bieten,0.6931471805599453
