lemma,shannon
der,1.6125598603545788
haben,1.0549201679861442
ein,1.4023279113565839
sein,1.3579778549873245
können,1.3321790402101223
erklären,0.6365141682948128
ständig,0.5004024235381879
lang,0.9502705392332347
möglich,0.6365141682948128
werden,1.0986122886681096
dies,0.5982695885852573
stark,0.6931471805599453
ander,0.6730116670092565
eigen,0.6931471805599453
wir,0.6730116670092565
erscheinen,0.6931471805599453
müssen,0.9502705392332347
ganz,0.6365141682948128
