lemma,shannon
der,1.7372925541579698
dies,1.0397207708399179
sein,1.4082930736148822
werden,0.6730116670092565
kommen,0.5623351446188083
demokratisch,0.6365141682948128
ein,1.2676770290452555
haben,0.5623351446188083
können,1.0397207708399179
mobil,0.6931471805599453
direkt,0.6365141682948128
jed,0.6931471805599453
stattfinden,0.6931471805599453
müssen,1.0986122886681096
halten,0.6931471805599453
