lemma,shannon
viel,0.5623351446188083
der,1.5003730652462597
sein,1.1163670752893367
werden,1.0042424730540764
dies,0.8675632284814612
gleich,0.5623351446188083
haben,1.0986122886681096
geben,0.5623351446188083
entgegenbringen,0.6931471805599453
ein,1.4708084763221112
häuslich,0.6931471805599453
wir,0.30463609734923813
er,0.6365141682948128
lang,0.6931471805599453
alle,0.6931471805599453
