lemma,shannon
der,1.403444968904201
sein,1.8091581844412505
dies,0.6931471805599453
wichtig,0.6931471805599453
müssen,0.6931471805599453
weit,0.6931471805599453
werden,1.4270610433807247
ein,1.4377014436429414
ich,0.410116318288409
gehen,0.6365141682948128
nah,0.6931471805599453
wir,0.5623351446188083
haben,0.45056120886630463
demokratisch,0.6931471805599453
unser,0.6931471805599453
dürfen,0.6365141682948128
