lemma,shannon
haben,1.3296613488547582
der,1.513939275131436
kommen,0.6365141682948128
gehen,0.6931471805599453
kurz,0.6931471805599453
ein,1.3321790402101223
beide,0.6365141682948128
versuchen,0.6931471805599453
wenig,0.6931471805599453
ihr,1.0361987848192837
schätzen,0.6931471805599453
sein,1.0114042647073518
gut,0.6931471805599453
lernen,0.6931471805599453
er,0.6365141682948128
ziehen,0.6931471805599453
neu,0.6931471805599453
