lemma,shannon
der,1.6249769577903794
sein,1.7478680974667573
haben,1.0397207708399179
werden,1.4142790651247086
neu,0.6931471805599453
ein,1.3208883431493221
kein,0.6931471805599453
sollen,1.0397207708399179
leicht,0.6365141682948128
geben,1.0986122886681096
dies,0.6365141682948128
umstritten,0.6931471805599453
