lemma,shannon
der,1.4878923951198395
sein,1.2275294114572126
ihr,0.45056120886630463
müssen,0.6931471805599453
werden,0.6931471805599453
realisieren,0.6931471805599453
erst,0.6931471805599453
ich,0.5623351446188083
haben,1.4941751382893085
sehen,1.0986122886681096
ein,0.6730116670092565
dies,1.0986122886681096
beide,0.5297061990576545
er,0.6365141682948128
einige,0.6931471805599453
wir,0.6931471805599453
Ihr|ihr,0.6931471805599453
