lemma,shannon
viel,0.6931471805599453
der,1.4590181177028065
dies,0.6931471805599453
werden,1.5607104090414063
sein,1.4681399390162087
sehen,1.0986122886681096
schreiben,0.6365141682948128
ein,1.3592367006650063
ander,0.6931471805599453
wir,0.6931471805599453
machen,0.6365141682948128
haben,1.0397207708399179
gehen,0.6931471805599453
