lemma,shannon
der,1.5841346952812312
israelisch,0.8675632284814612
sein,1.0042424730540764
international,1.0986122886681096
haben,1.0789922078775833
ein,1.5810937501718239
dies,1.0986122886681096
werden,1.0549201679861442
werfen,0.6931471805599453
umstritten,0.6931471805599453
eigen,0.6931471805599453
sie,0.6931471805599453
