lemma,shannon
sein,1.9096604215404314
der,1.6412517248184866
er,0.6615632381579821
dies,1.0608569471580214
haben,0.5004024235381879
stehen,0.6931471805599453
kennen,0.6931471805599453
ich,0.8587409130062867
viel,0.6365141682948128
werden,1.0397207708399179
gehen,1.0986122886681096
ein,0.9002560512685369
wenig,0.6931471805599453
mögen,0.6931471805599453
einige,0.6931471805599453
gewiß,0.6931471805599453
erfolgreich,0.6931471805599453
versuchen,0.6931471805599453
