lemma,shannon
der,1.6324718111954457
erst,0.6931471805599453
sein,0.7963116401738131
ich,0.9251290835720822
ein,1.2554823251787535
mein,1.0986122886681096
machen,0.6931471805599453
hören,0.6365141682948128
zügig,0.6931471805599453
dringend,0.6931471805599453
finden,1.0397207708399179
empfehlen,0.6931471805599453
jen,0.6931471805599453
