lemma,shannon
der,1.6521252073318156
alle,0.6365141682948128
sollen,0.936888307539016
sein,0.9002560512685369
dies,1.0986122886681096
machen,0.6931471805599453
technisch,0.6931471805599453
verändern,0.6931471805599453
groß,0.6931471805599453
werden,1.0549201679861442
er,0.6931471805599453
hoch,0.6931471805599453
wenig,0.6365141682948128
einfach,1.0397207708399179
bedeuten,0.6931471805599453
langsam,1.0986122886681096
bleiben,0.6931471805599453
