lemma,shannon
haben,1.464816384890813
der,1.4920719304634276
müssen,1.0986122886681096
sein,1.569152946203119
ein,1.2711814802605796
werden,1.3862943611198906
sie,0.6931471805599453
intensivpflichtig,0.6931471805599453
können,0.6931471805599453
sollen,1.0986122886681096
bleiben,0.6931471805599453
dies,0.6931471805599453
alle,0.6931471805599453
