lemma,shannon
der,1.5332346612010528
neu,0.45056120886630463
sein,1.3667110520552042
stehen,0.6931471805599453
haben,1.0986122886681096
ein,0.9556998911125343
offiziell,0.6931471805599453
erst,1.0986122886681096
wir,0.6730116670092565
können,0.6365141682948128
ihr,0.6931471805599453
setzen,0.6931471805599453
günstig,0.6931471805599453
hoch,0.6931471805599453
