lemma,shannon
der,1.5580942101238056
israelisch,0.8675632284814612
sein,1.0042424730540764
international,1.3862943611198906
haben,1.0789922078775833
ein,1.5832584594204766
dies,1.3862943611198906
werden,1.0549201679861442
politisch,0.6365141682948128
werfen,0.6931471805599453
lehnen,0.6931471805599453
eigen,0.6931471805599453
sie,0.6931471805599453
