lemma,shannon
sein,1.3337360272028096
der,1.4694417342619885
ein,0.7963116401738131
wir,0.5004024235381879
wenig,0.6931471805599453
jed,0.6931471805599453
haben,1.0397207708399179
ganz,0.6931471805599453
werden,0.9368883075390159
können,0.6931471805599453
viel,0.6931471805599453
kein,0.6931471805599453
er,0.5623351446188083
dies,0.6931471805599453
