lemma,shannon
unser,1.559581156259877
ein,1.5171063970610277
ihr,1.0986122886681096
sein,1.0905994737794786
der,1.697230692034461
werden,0.5004024235381879
wir,0.6554817739013927
klein,0.6931471805599453
sehen,0.6931471805599453
