lemma,shannon
stark,1.3321790402101223
wahrscheinlich,0.6365141682948128
sein,1.5498260458782016
ein,1.6745895669999098
neu,1.0397207708399179
der,1.7250951986524234
befinden,0.6931471805599453
ganz,0.6931471805599453
groß,0.6931471805599453
gering,0.6931471805599453
werden,1.3296613488547582
haben,0.6931471805599453
bringen,0.6365141682948128
