lemma,shannon
haben,1.351783994289646
der,1.5121238002720876
ein,1.5498260458782016
müssen,0.5623351446188083
alle,1.0397207708399179
werden,1.3862943611198906
dies,1.351783994289646
wir,0.6365141682948128
allgemeingültig,0.6931471805599453
stellen,0.6931471805599453
ihr,0.6365141682948128
sein,1.5498260458782016
ander,1.0986122886681096
militärisch,0.6931471805599453
kommen,0.6931471805599453
verlieren,0.6931471805599453
setzen,0.6931471805599453
klein,0.6931471805599453
