lemma,shannon
der,1.4001272759370178
sein,0.9743147528693494
ihr,0.6931471805599453
werden,0.6108643020548935
bieten,0.5623351446188083
leiden,0.6365141682948128
bleiben,0.5004024235381879
entwickeln,0.6365141682948128
zeigen,0.6931471805599453
neu,0.6365141682948128
ein,0.5623351446188083
