lemma,shannon
der,1.249675628203494
haben,0.6931471805599453
werden,0.8392695557891106
sicher,0.6365141682948128
sein,0.7963116401738131
bleiben,0.6730116670092565
