lemma,shannon
sein,1.7140875411870102
wir,0.6365141682948128
der,1.5430579996340965
können,0.8675632284814612
bleiben,0.6365141682948128
haben,0.8305178252872478
ein,0.9743147528693494
er,1.0114042647073516
stark,0.6365141682948128
neu,0.5623351446188083
sie,0.6931471805599453
klar,0.6365141682948128
taktisch,0.6365141682948128
geben,0.5623351446188083
werden,1.0549201679861442
gut,0.45056120886630463
