lemma,shannon
geben,0.6931471805599453
der,1.1722878807708532
rechtsextrem,0.6730116670092565
ein,0.336495757583516
einsetzen,0.3250829733914482
solch,0.6931471805599453
sein,0.9371558530657009
demokratisch,0.6931471805599453
werden,0.6829081047004717
wir,0.6917614988524178
vielfältig,0.6931471805599453
dies,0.5623351446188083
unser,0.5297061990576545
gemeinsam,0.6931471805599453
