lemma,shannon
werden,0.5004024235381879
der,1.0496714161754288
global,0.5004024235381879
ein,0.6365141682948128
international,0.9502705392332347
sein,1.0397207708399179
