lemma,shannon
ich,0.7872346994769008
haben,1.0789922078775833
der,1.4467439425402593
sein,1.8064369716430835
werden,0.6365141682948128
mein,1.0986122886681096
ander,1.0549201679861442
sie,0.6365141682948128
er,0.6931471805599453
geben,0.6931471805599453
ein,1.310783678099714
müssen,0.6931471805599453
können,1.0042424730540764
wir,0.6365141682948128
offen,0.6931471805599453
viel,0.6931471805599453
