lemma,shannon
wir,0.5799151714181009
sein,1.2798542258336674
der,1.0796816219415508
unser,0.6853142072764582
verstoßen,0.6931471805599453
haben,0.22371807606583377
ein,0.5623351446188083
werden,1.0549201679861442
ihr,0.5623351446188083
gut,1.0397207708399179
dies,0.6931471805599453
alle,0.6931471805599453
