lemma,shannon
der,1.5871911465855286
werden,0.649248354870898
scheinen,0.5004024235381879
hoch,1.0789922078775833
mangelnd,0.6730116670092565
sein,0.5004024235381879
anstreben,0.6931471805599453
