lemma,shannon
der,1.773276747871568
sein,1.0397207708399179
ein,1.5498260458782016
können,1.277034259466139
umfassend,0.6931471805599453
dies,0.9502705392332347
wissenschaftlich,0.6931471805599453
haben,0.6931471805599453
werden,1.0397207708399179
falsch,0.6931471805599453
divergierend,0.6931471805599453
