lemma,shannon
der,1.6903255366739893
ein,1.6417347121875214
haben,0.5623351446188083
gewinnen,0.6931471805599453
betrachten,0.6931471805599453
ihr,0.6931471805599453
beschreiben,1.0986122886681096
synonym,0.6931471805599453
dies,0.9743147528693494
sein,0.6829081047004717
werden,1.3321790402101223
lassen,0.6365141682948128
gemeinsam,1.0986122886681096
unterschiedlich,0.6365141682948128
medizinisch,0.6931471805599453
verschieden,0.6931471805599453
erheblich,0.6931471805599453
