lemma,shannon
der,1.7104108918206054
haben,0.6931471805599453
ein,1.0986122886681096
psychisch,1.0397207708399179
sozial,1.0397207708399179
werden,0.6365141682948128
vulnerabel,0.6931471805599453
dies,1.0397207708399179
adressieren,0.6931471805599453
direkt,0.6931471805599453
sein,0.6365141682948128
allgemein,0.6365141682948128
hochriskant,0.6931471805599453
groß,0.6931471805599453
können,0.6931471805599453
potentiell,0.6931471805599453
