lemma,shannon
der,1.7189512773692925
ein,1.2680942586678274
wesentlich,0.6931471805599453
gutachtlich,0.6931471805599453
alle,1.3321790402101223
ander,0.6365141682948128
sein,0.6730116670092565
breit,0.6931471805599453
medizinisch,0.6931471805599453
neurologisch,0.6931471805599453
können,0.6365141682948128
müssen,0.6365141682948128
allgemein,0.6931471805599453
erheblich,1.0986122886681096
