lemma,shannon
der,1.5433144866992239
stationär,0.6931471805599453
sein,1.0549201679861442
ein,0.9743147528693494
psychisch,1.0986122886681096
jung,1.0986122886681096
aktuell,1.0397207708399179
dies,1.0986122886681096
notwendig,0.6365141682948128
werden,1.0397207708399179
veraltet,0.6931471805599453
unterschiedlich,0.6931471805599453
gering,0.6931471805599453
neu,0.6931471805599453
entsprechend,0.6931471805599453
bleiben,0.6365141682948128
künftig,0.6931471805599453
