lemma,shannon
sein,1.242453324894
ein,1.15374194270109
der,1.4474370495923408
können,1.0397207708399179
emotional,1.0986122886681096
dies,1.0114042647073516
werden,0.6365141682948128
welch,0.6931471805599453
kategorial,0.6931471805599453
spezifisch,1.0986122886681096
