lemma,shannon
der,1.814750223595011
sein,1.0549201679861442
ein,1.6859123928607944
erhalten,0.6931471805599453
interdisziplinär,0.6931471805599453
dies,0.9502705392332347
werden,0.6931471805599453
relevant,0.6365141682948128
