lemma,shannon
der,1.5983686278197435
sein,0.9556998911125343
gesetzlich,1.0986122886681096
dies,1.1490596969706204
werden,0.6730116670092565
kontinuierlich,0.6931471805599453
bleiben,0.6931471805599453
regelmäßig,0.6931471805599453
sollen,0.6931471805599453
ein,1.0114042647073516
können,1.3296613488547582
direkt,0.6365141682948128
analysieren,0.6931471805599453
gering,0.6931471805599453
zeigen,0.6931471805599453
stark,0.6931471805599453
