lemma,shannon
der,1.5707759327002278
geografisch,0.6365141682948128
ein,1.0042424730540764
zentral,1.0986122886681096
identifizieren,0.6931471805599453
ermöglichen,0.6931471805599453
wachsend,0.6931471805599453
dies,0.6730116670092565
sein,0.5623351446188083
können,0.6365141682948128
öffentlich,0.6931471805599453
stellen,0.6931471805599453
welch,0.6931471805599453
bieten,0.6931471805599453
spezifisch,0.6931471805599453
lassen,0.6931471805599453
