lemma,shannon
der,1.7842466905465169
innovativ,0.6931471805599453
ein,1.2798542258336674
dies,1.0397207708399179
speziell,0.6931471805599453
können,0.5623351446188083
modifiziert,0.6365141682948128
regulatorisch,0.6931471805599453
Regulatorisch,0.6365141682948128
sein,1.3321790402101223
primär,0.6365141682948128
chronisch,0.6931471805599453
ihr,1.0042424730540764
herkömmlich,0.6931471805599453
klinisch,1.0986122886681096
erforderlich,0.6931471805599453
