lemma,shannon
der,1.6905378314764017
haben,1.2130075659799042
werden,1.0397207708399179
dies,0.8486855577264172
sein,1.3862943611198906
psychosozial,0.5623351446188083
ein,1.5229550675313184
sozial,0.6931471805599453
früh,1.0549201679861442
belastet,0.6365141682948128
persönlich,0.6931471805599453
betroffen,0.6931471805599453
können,0.6931471805599453
langfristig,0.6931471805599453
emotional,0.6931471805599453
qualitativ,0.6931471805599453
optimal,0.6931471805599453
