lemma,shannon
der,1.5377998194214426
können,1.0397207708399179
haben,0.6365141682948128
sein,0.6730116670092565
entwickeln,0.6365141682948128
bieten,0.6365141682948128
ein,1.5571130980576458
vielversprechend,0.6931471805599453
dies,1.0789922078775833
interaktiv,0.6931471805599453
gut,0.6931471805599453
welch,0.6931471805599453
werden,1.0114042647073516
ergeben,0.6931471805599453
solch,0.6931471805599453
stehen,0.6931471805599453
