lemma,shannon
der,1.8066637666832188
haben,0.6931471805599453
ein,1.4708084763221112
dies,1.3421131789144003
klinisch,0.6931471805599453
können,0.6365141682948128
sein,0.6365141682948128
gemeinsam,0.6931471805599453
jen,0.6931471805599453
psychosozial,1.0397207708399179
subjektiv,0.6931471805599453
chronisch,0.6365141682948128
umfassen,0.6931471805599453
sozial,0.6931471805599453
individuell,0.6931471805599453
werden,0.6730116670092565
genannt,0.6931471805599453
