lemma,shannon
der,1.7638572910364976
medizinisch,0.6931471805599453
dies,1.310783678099714
politisch,0.6931471805599453
sein,1.3296613488547582
technisch,0.6931471805599453
ein,1.1685184057430877
umfassend,0.6931471805599453
ihr,1.0986122886681096
unterschiedlich,0.6931471805599453
werden,0.5623351446188083
langfristig,0.6931471805599453
ander,1.0986122886681096
nachhaltig,0.6931471805599453
digital,1.0986122886681096
