lemma,shannon
zoonotisch,0.6730116670092565
ein,1.2148896539491205
der,1.721586512154637
öffentlich,0.6931471805599453
können,0.9502705392332347
sein,1.0042424730540764
dies,1.0114042647073516
verschieden,0.6931471805599453
vermehrt,0.6931471805599453
werden,0.9556998911125343
bakteriell,1.0397207708399179
erheblich,1.0986122886681096
neu,0.6931471805599453
tatsächlich,0.6931471805599453
bleiben,0.6931471805599453
welch,0.6931471805599453
deutsch,0.6931471805599453
