lemma,shannon
ein,1.499030672979008
der,1.6667020716038883
können,1.277034259466139
intensiv,0.6931471805599453
werden,0.9502705392332347
sein,0.9502705392332347
haben,0.6931471805599453
ausgeprägt,0.6931471805599453
dies,1.4750763110546947
spezifisch,0.6365141682948128
zeigen,0.6931471805599453
hoch,1.3862943611198906
gut,0.6365141682948128
wir,0.6931471805599453
universal,0.6931471805599453
