lemma,shannon
der,1.5981269961350661
verschieden,0.6931471805599453
ethisch,0.6931471805599453
werden,0.5623351446188083
feministisch,0.9743147528693494
ein,1.2130075659799042
dies,1.0042424730540764
sein,0.6365141682948128
deutschsprachig,0.5623351446188083
welch,0.5623351446188083
strukturell,0.6931471805599453
können,1.3862943611198906
plausibel,0.6365141682948128
Review,0.6931471805599453
principl,0.6931471805599453
long,0.6365141682948128
domain,0.6365141682948128
