lemma,shannon
der,1.6045240242043781
geografisch,1.1490596969706204
haben,0.6365141682948128
erheblich,0.6931471805599453
ein,1.3208883431493221
sein,1.0114042647073516
gesundheitlich,1.0397207708399179
dies,1.0042424730540764
ihr,0.6931471805599453
sie,0.6931471805599453
werden,0.5623351446188083
können,1.0986122886681096
visuell,0.6931471805599453
lokal,0.6931471805599453
verschieden,1.0986122886681096
subjektiv,0.6365141682948128
notwendig,0.6931471805599453
