lemma,shannon
der,1.6743535728771444
psychisch,0.5623351446188083
ein,0.9743147528693494
sein,1.3208883431493221
welch,0.5623351446188083
jung,1.0397207708399179
dies,1.5229550675313184
führen,0.6931471805599453
epidemiologisch,0.6931471805599453
erheblich,0.6931471805599453
haben,0.6365141682948128
sozial,0.6365141682948128
negativ,0.6931471805599453
solch,0.6931471805599453
werden,0.6931471805599453
wir,0.6365141682948128
