lemma,shannon
der,1.7004333880566882
haben,0.5623351446188083
biologisch,0.6365141682948128
ein,1.2650013752730702
dies,1.1682824501765625
werden,0.6365141682948128
können,0.6931471805599453
individuell,1.0397207708399179
verschieden,1.0986122886681096
unterschiedlich,1.0397207708399179
genau,0.6931471805599453
sein,0.6365141682948128
neu,0.6931471805599453
wissenschaftlich,0.6931471805599453
gezielt,0.6931471805599453
