lemma,shannon
selten,0.9502705392332347
stellen,0.6931471805599453
ein,1.5454229031935935
verschieden,0.6365141682948128
der,1.6288769992157501
sein,1.3321790402101223
dies,1.5047882836811908
können,1.0549201679861442
werden,0.9502705392332347
neu,1.3862943611198906
digital,1.3862943611198906
bestehend,0.6931471805599453
welch,0.6931471805599453
genetisch,0.6931471805599453
potentiell,0.6931471805599453
integrativ,0.6931471805599453
