lemma,shannon
algorithmisch,0.6931471805599453
der,1.6134559728806512
haben,0.6365141682948128
dies,0.9556998911125343
sein,0.6931471805599453
ein,1.3862943611198906
können,1.0986122886681096
weit,0.6931471805599453
werden,0.6931471805599453
zeigen,1.0986122886681096
herkömmlich,0.6931471805599453
langfristig,0.6931471805599453
fundiert,0.6931471805599453
