lemma,shannon
der,1.516753327723132
latent,1.0986122886681096
neu,0.6365141682948128
biologisch,0.6931471805599453
haben,0.6931471805599453
werden,0.6365141682948128
ein,1.3421131789144003
dies,0.6931471805599453
oft,0.6931471805599453
sein,0.6931471805599453
beschreiben,0.6931471805599453
können,0.6931471805599453
ihr,0.6931471805599453
