lemma,shannon
der,1.6792949537480946
ein,1.6326309271543522
wichtig,0.6931471805599453
betrieblich,1.0114042647073518
dies,1.4184836619456564
sein,0.6730116670092565
betrachten,0.6931471805599453
werden,0.5623351446188083
solch,0.6931471805599453
begründen,0.6931471805599453
individuell,0.6931471805599453
empirisch,0.6931471805599453
transparent,0.6931471805599453
