lemma,shannon
ein,0.8979457248567797
der,1.7853809974630646
können,1.0549201679861442
werden,1.3862943611198906
dies,1.0042424730540764
ihr,1.329661348854758
sein,1.3296613488547582
haben,0.6365141682948128
zeigen,1.0986122886681096
beruflich,0.5623351446188083
jung,0.6365141682948128
schaffen,0.6931471805599453
pandemiebedingt,0.6931471805599453
klinisch,0.6931471805599453
moralisch,0.5623351446188083
verschieden,0.6931471805599453
