lemma,shannon
der,1.7454157535580388
ein,1.2148896539491205
anerkannt,0.6931471805599453
sein,0.5623351446188083
viel,0.6931471805599453
dies,0.9002560512685369
jed,0.6365141682948128
gesundheitlich,0.6931471805599453
geistig,0.6931471805599453
können,1.329661348854758
einzeln,0.6931471805599453
werden,0.5623351446188083
möglich,0.6931471805599453
speziell,0.6931471805599453
welch,0.8675632284814612
neu,0.6365141682948128
erarbeiten,0.6931471805599453
