lemma,shannon
der,1.6331786439337064
ein,1.559581156259877
wissenschaftlich,0.6931471805599453
erfordern,0.6931471805599453
sein,1.3862943611198906
neu,0.6931471805599453
verschieden,0.6931471805599453
systematisch,0.6931471805599453
relevant,0.6931471805599453
Epidemiologisch,0.6931471805599453
gesamt,0.6931471805599453
kontinuierlich,0.6931471805599453
approach,0.6931471805599453
