lemma,shannon
der,1.6012466517465214
atopisch,0.6730116670092565
ein,1.3667110520552042
häufig,0.6931471805599453
sein,1.0735428464085233
genetisch,0.6931471805599453
werden,1.0986122886681096
allergisch,0.6931471805599453
welch,0.6365141682948128
zeigen,1.0986122886681096
modern,0.6931471805599453
haben,0.6365141682948128
variabel,0.6931471805599453
