lemma,shannon
der,1.668310102547912
neu,1.277034259466139
ein,1.0735428464085233
dies,1.2798542258336676
sein,1.5607104090414063
werden,1.4142790651247086
erheblich,0.6931471805599453
wichtig,0.6931471805599453
können,0.6365141682948128
kritisch,0.6931471805599453
gesetzlich,0.6365141682948128
sehen,0.6931471805599453
verschieden,1.0986122886681096
viel,0.6931471805599453
spezifisch,0.6931471805599453
