lemma,shannon
ein,1.5229550675313182
der,1.6879926964845524
zeigen,0.6931471805599453
gesundheitlich,1.0986122886681096
welch,0.6931471805599453
dies,0.7963116401738131
zielen,0.6931471805599453
ihr,0.6365141682948128
sollen,0.6931471805599453
variabel,0.6931471805599453
