lemma,shannon
der,1.647064158341146
sein,1.0397207708399179
dies,1.5047882836811908
psychisch,0.6931471805599453
historisch,0.6931471805599453
haben,0.6931471805599453
spezifisch,0.6931471805599453
ein,1.4680602034990462
flächendeckend,0.6931471805599453
weit,1.0986122886681096
zentral,0.6931471805599453
werden,0.6931471805599453
regional,0.6365141682948128
stationär,0.6931471805599453
