lemma,shannon
der,1.6170531525095537
ein,0.5623351446188083
werden,0.6365141682948128
dies,0.9002560512685369
feministisch,0.6365141682948128
es,0.6931471805599453
wir,0.6931471805599453
ihr,0.6931471805599453
sein,0.9502705392332347
weit,0.6931471805599453
zeigen,1.0986122886681096
jen,1.0986122886681096
kritisch,0.6931471805599453
