lemma,shannon
der,1.6759108755990593
haben,0.6365141682948128
sein,1.0397207708399179
werden,0.7356219397587946
evidenzbasiert,1.0397207708399179
ein,1.482709508903449
wissenschaftlich,0.6365141682948128
klinisch,1.0986122886681096
dies,1.3296613488547582
müssen,0.6365141682948128
alle,0.6365141682948128
deutsch,0.6365141682948128
bewerten,0.6931471805599453
