lemma,shannon
der,1.6692238328260836
ein,1.3337360272028096
jung,1.0397207708399179
statistisch,0.6931471805599453
sein,1.242453324894
werden,1.6417347121875214
dies,1.559581156259877
weiter,0.6931471805599453
deutsch,0.6365141682948128
spezifisch,0.6931471805599453
adäquat,0.6931471805599453
erwachsen,0.6931471805599453
klinisch,0.6931471805599453
wissenschaftlich,0.6931471805599453
neu,0.6931471805599453
scheinen,0.6931471805599453
relevant,0.6931471805599453
