lemma,shannon
der,1.7070531037764805
sein,0.5004024235381879
ein,1.0114042647073516
werden,1.0549201679861442
nutzen,0.6931471805599453
verschieden,0.6931471805599453
unterschiedlich,0.6931471805599453
solch,1.0549201679861442
weit,1.0986122886681096
dies,1.277034259466139
binär,0.6931471805599453
kein,0.6931471805599453
machen,0.6931471805599453
entsprechend,0.6931471805599453
