lemma,shannon
der,1.6982623084360668
öffentlich,1.0986122886681096
haben,1.0986122886681096
dies,1.0114042647073518
historisch,0.5623351446188083
sein,1.351783994289646
können,0.6365141682948128
betrachten,0.6931471805599453
ein,0.9502705392332347
werden,0.6931471805599453
politisch,0.6931471805599453
prägen,0.6931471805599453
unterschiedlich,0.6931471805599453
