lemma,shannon
der,1.8956403155608181
regional,1.0549201679861442
welch,0.6931471805599453
ein,1.5229550675313184
haben,0.6730116670092565
können,0.6931471805599453
untersuchen,0.6931471805599453
werden,1.0397207708399179
dies,1.1935496040981333
setzen,0.6931471805599453
ihr,1.3321790402101223
sein,0.6730116670092565
räumlich,0.6931471805599453
geografisch,1.0397207708399179
ermöglichen,0.6931471805599453
darstellen,0.6931471805599453
unterscheiden,0.6931471805599453
