lemma,shannon
der,1.7753784116631126
dies,1.5229550675313184
ein,1.67458956699991
beschreiben,0.6931471805599453
werden,1.351783994289646
sein,1.3321790402101223
kolorektal,0.6931471805599453
haben,0.6931471805599453
zeigen,0.6931471805599453
hoch,0.6931471805599453
epithelial,0.6365141682948128
mesenchymal,0.6931471805599453
ihr,0.6365141682948128
reduziert,0.6931471805599453
klinisch,0.6931471805599453
