lemma,shannon
der,1.2931564783069238
häufig,0.6931471805599453
sein,0.6890092384766586
kontinuierlich,0.6931471805599453
niedrig,0.6931471805599453
ein,1.5992212565872683
dies,0.6931471805599453
alle,0.6365141682948128
aktuell,0.6931471805599453
