lemma,shannon
der,1.5557678616622785
ein,1.5557511922079166
haben,1.0986122886681096
direkt,0.6365141682948128
sein,1.8043716191528456
medizinisch,0.45056120886630463
wichtig,0.6931471805599453
chirurgisch,0.6365141682948128
werden,0.9002560512685369
können,0.6365141682948128
möglich,0.6365141682948128
betroffen,0.6931471805599453
müssen,0.6931471805599453
komplett,0.6931471805599453
dies,0.6931471805599453
alle,0.6365141682948128
