lemma,shannon
der,1.5370661224106186
sein,0.6365141682948128
ein,1.2730283365896256
werden,1.232643284498737
können,0.6365141682948128
aktualisiert,0.6931471805599453
klinisch,0.6931471805599453
sollen,0.6931471805599453
wissenschaftlich,0.6931471805599453
beteiligt,0.6931471805599453
redaktionell,0.6931471805599453
