lemma,shannon
der,1.4103357728827906
verschieden,0.6931471805599453
technisch,1.0397207708399179
sein,0.5297061990576545
ihr,0.6931471805599453
klinisch,0.6365141682948128
regulatorisch,0.6931471805599453
praktisch,0.6365141682948128
ein,1.0789922078775833
akut,0.6931471805599453
chronisch,0.6931471805599453
werden,0.5623351446188083
können,0.6931471805599453
sollen,0.6931471805599453
solch,0.6931471805599453
