lemma,shannon
der,1.3070533729458487
ein,1.187415769843656
sein,1.0397207708399179
dies,0.6365141682948128
häufig,0.6931471805599453
kardiogen,1.0986122886681096
sollen,0.6365141682948128
haben,0.6365141682948128
1,0.6931471805599453
