lemma,shannon
ein,1.370515174287956
der,1.5864831449308667
sein,0.9502705392332347
gering,0.6931471805599453
mehrere,0.6931471805599453
werden,0.9502705392332347
stellen,0.6931471805599453
gemeinsam,0.6365141682948128
interdisziplinär,0.6931471805599453
haben,0.6365141682948128
arbeitend,0.6365141682948128
ander,0.6931471805599453
dies,1.0397207708399179
