lemma,shannon
der,1.3736267806286104
weltweit,1.0986122886681096
verursachen,0.6931471805599453
werden,0.6365141682948128
ein,1.4787515246479541
sein,1.0549201679861442
dies,1.0986122886681096
entwickeln,0.6931471805599453
umfangreich,1.0986122886681096
bestehen,0.6931471805599453
psychosozial,0.6931471805599453
beeinträchtigen,0.6931471805599453
