lemma,shannon
der,1.4604777690537074
ein,1.009613758174038
werden,0.8587409130062867
können,0.6365141682948128
bestimmt,0.6931471805599453
sein,0.8486855577264172
dies,1.5498260458782016
viel,0.6365141682948128
sollen,0.6931471805599453
möglich,0.6931471805599453
informativ,0.6931471805599453
um,0.6931471805599453
zeigen,0.6931471805599453
