lemma,shannon
der,1.3516400559771176
ein,0.6829081047004717
hoch,0.6365141682948128
werden,0.6837389058487535
klinisch,1.0397207708399179
allergisch,1.0114042647073518
dies,1.4941751382893085
Allergene,0.45056120886630463
können,0.5623351446188083
biotechnologisch,0.6931471805599453
chemisch-synthetisch,0.6931471805599453
extraktbasiert,0.6365141682948128
