lemma,shannon
der,1.3094598301029692
ein,1.3904377949394804
hoch,1.0397207708399179
sein,0.6277052571971504
alle,1.0397207708399179
chronisch,0.6931471805599453
werden,1.3296613488547582
stark,0.6931471805599453
übermäßig,0.6931471805599453
wichtig,0.6365141682948128
dies,1.0397207708399179
