lemma,shannon
der,1.534067247079619
sein,1.6987829895138011
erst,0.6365141682948128
dies,1.3321790402101223
ein,1.2048762065511598
verschieden,0.6365141682948128
geben,1.0114042647073518
werden,0.7963116401738131
sexuell,0.6931471805599453
kein,0.6365141682948128
haben,0.5623351446188083
