lemma,shannon
der,1.6711938783905262
sein,0.6829081047004717
werden,0.9556998911125343
ein,1.5607104090414063
solch,0.6931471805599453
sollen,0.6931471805599453
dies,1.3862943611198906
erforderlich,0.6931471805599453
antibiotikaresistent,0.6931471805599453
direkt,0.6931471805599453
enthalten,0.6931471805599453
aufbereitet,0.6931471805599453
möglich,0.6931471805599453
