human,continue,explain,create
,,0.01790633608815427,
,0.026194144838212634,0.015341701534170154,0.012162162162162163
,,0.016,
,0.029411764705882353,0.013432835820895522,0.016883116883116882
,0.019726858877086494,0.0183206106870229,
,,0.013719512195121951,
,0.02073365231259968,0.02073365231259968,
,0.0012391573729863693,0.015822784810126583,0.011984021304926764
,,0.017915309446254073,
,0.01694915254237288,0.017310252996005325,
