human,continue,explain,create
,0.01694915254237288,,0.013910355486862442
0.0014245014245014246,0.024311183144246355,,0.015267175572519083
,,,0.01610305958132045
,0.016042780748663103,0.012307692307692308,0.013062409288824383
,0.021702838063439065,,
,0.024390243902439025,0.01555023923444976,0.01487603305785124
,,,0.012121212121212121
0.0012195121951219512,,,0.016611295681063124
,,0.013597033374536464,0.013114754098360656
,0.01044932079414838,0.012244897959183673,0.01282051282051282
