human,continue,explain,create
0.001594896331738437,0.0015408320493066256,,
0.004273504273504274,0.004862236628849271,0.004379562043795621,0.013740458015267175
0.0016611295681063123,0.0028328611898017,0.001336898395721925,0.004830917874396135
0.0026455026455026454,,0.006153846153846154,
,0.001669449081803005,0.0014705882352941176,0.0014388489208633094
,,,0.0015151515151515152
,0.00130718954248366,0.0012953367875647669,0.0049833887043189366
0.0035885167464114833,,0.003708281829419036,
,,0.0020408163265306124,
