human,continue,explain,create
0.0,0.0,0.0,0.0
0.0,0.0,0.0,0.015918638072076056
0.0,0.0,0.07617977528089888,0.0
0.00803023145961266,0.0,0.0,0.04786899013226958
0.023820867079561697,0.0,0.0,0.01467645096731154
0.0,0.0,0.0,0.0
0.011769651113913409,0.0,0.0,0.0
0.0,0.0,0.0,0.021983512365725707
0.01222888786340563,0.0,0.013374944271065538,0.0
0.0,0.0,0.0,0.0
