lemma,shannon
der,1.790569316897329
sein,1.7298201303799214
ein,1.511086176073611
werden,1.6726254461503207
allgemein,0.6931471805599453
können,1.3421131789144003
neu,1.0986122886681096
dies,1.2148896539491203
nutzen,0.6931471805599453
welch,0.6931471805599453
weit,1.0397207708399179
signifikant,0.6931471805599453
klinisch,0.6931471805599453
einige,0.6931471805599453
untersuchen,0.6365141682948128
wichtig,0.6931471805599453
therapeutisch,0.6931471805599453
