lemma,shannon
der,1.6613183017229267
ein,1.400326576231188
sein,1.277034259466139
können,1.162225544921092
spielen,0.6931471805599453
gesundheitsfördernd,0.6931471805599453
organisatorisch,0.6931471805599453
müssen,0.6365141682948128
werden,0.5004024235381879
alle,1.0397207708399179
digital,0.8979457248567797
bieten,0.6931471805599453
präventiv,0.6931471805599453
beitragen,0.6365141682948128
dies,1.0397207708399179
stationär,0.6931471805599453
erheben,0.6931471805599453
