lemma,shannon
der,1.7230908981499429
haben,0.6730116670092565
ein,0.936888307539016
welch,0.6365141682948128
dies,1.1685184057430877
werden,0.8486855577264172
können,0.6931471805599453
sein,0.7902679680745903
partizipativ,0.6869615765973234
führen,0.6365141682948128
umfangreich,0.6931471805599453
erzielen,0.6931471805599453
stellen,0.6931471805599453
gesundheitlich,0.5623351446188083
gesellschaftlich,0.6365141682948128
wichtig,0.6365141682948128
