lemma,shannon
der,1.8020046162711263
haben,0.6730116670092565
ihr,1.3862943611198906
moralisch,1.2130075659799042
müssen,0.6365141682948128
sein,1.263740679332812
werden,0.5297061990576545
können,1.2396593920543857
ein,1.3114313374732374
individuell,0.5623351446188083
strukturell,0.6365141682948128
groß,0.6931471805599453
schaffen,0.6931471805599453
sollen,0.6365141682948128
psychosozial,0.6931471805599453
unterstützend,0.6931471805599453
