lemma,shannon
der,1.6435092099961301
ein,1.541976432762825
neu,1.0114042647073518
sein,1.559581156259877
dies,1.277034259466139
haben,0.9556998911125343
ihr,1.0397207708399179
können,1.0114042647073516
kontinuierlich,0.6365141682948128
langfristig,0.6365141682948128
verfügbar,0.6365141682948128
wissenschaftlich,0.6931471805599453
global,0.6365141682948128
werden,1.1935496040981333
wichtig,1.0986122886681096
zeigen,0.6931471805599453
stark,1.0986122886681096
