lemma,shannon
der,1.6387174860859084
sein,0.8486855577264172
ein,1.3337360272028098
technologisch,0.6365141682948128
digital,1.0789922078775833
erheblich,0.6931471805599453
effektiv,0.6365141682948128
können,0.6829081047004717
werden,0.47413931305783735
finden,0.6931471805599453
dies,1.3862943611198906
sollen,0.6730116670092565
enorm,0.6931471805599453
kontinuierlich,0.6931471805599453
gut,1.0986122886681096
entscheidend,0.6931471805599453
wir,0.5623351446188083
