lemma,shannon
der,1.550142352336684
wirksam,0.6931471805599453
werden,0.5623351446188083
dies,1.5607104090414063
ein,1.1187433359857524
ihr,0.6931471805599453
gut,0.6365141682948128
sein,1.2130075659799042
sozial,0.5004024235381879
können,1.0549201679861442
vermehrt,0.6931471805599453
direkt,0.6931471805599453
sollen,0.6365141682948128
entscheidend,0.6931471805599453
hoch,0.6931471805599453
gesund,0.6931471805599453
