lemma,shannon
ein,1.6356930862304961
der,1.8212593901762624
dies,1.0397207708399179
digital,1.329661348854758
fördern,0.6365141682948128
nachhaltig,0.6931471805599453
neu,0.9502705392332347
wichtig,0.6931471805599453
sein,0.6615632381579821
ermöglichen,0.6931471805599453
werden,0.6365141682948128
können,0.6365141682948128
medizinisch,0.6365141682948128
international,0.6931471805599453
regulativ,0.6931471805599453
nutzen,0.6931471805599453
