lemma,shannon
der,1.6704477473922417
modern,0.6108643020548935
ein,1.3296007678605803
umfassend,0.6931471805599453
chirurgisch,0.6730116670092565
dies,0.6730116670092565
sein,0.6365141682948128
individuell,1.0986122886681096
können,1.0114042647073516
werden,0.5623351446188083
neu,0.5004024235381879
aktuell,0.6365141682948128
hoch,0.6365141682948128
klinisch,0.6931471805599453
verbessern,0.6931471805599453
