lemma,shannon
der,1.507401481328618
haben,0.6931471805599453
ein,1.3378606778364337
automatisch,0.6931471805599453
ermöglichen,0.6931471805599453
dies,1.2148896539491205
werden,0.6365141682948128
automatisiert,0.5623351446188083
sein,0.6365141682948128
welch,0.6931471805599453
können,1.242453324894
alle,0.6365141682948128
telemedizinisch,0.6931471805599453
weit,0.6931471805599453
tragen,0.6931471805599453
genau,0.6931471805599453
