lemma,shannon
der,1.6314028818110666
haben,0.5623351446188083
führen,1.0986122886681096
neu,1.3862943611198906
werden,0.8304717124362917
dies,1.617950705652769
ein,1.4298983731002695
stellen,0.6931471805599453
sein,1.2406842919533958
sollen,1.3862943611198906
können,1.0397207708399179
schaffen,0.6931471805599453
aktuell,0.6931471805599453
klinisch,1.0986122886681096
unser,1.3862943611198906
