lemma,shannon
der,1.674228720493885
sein,1.2730283365896258
präventiv,0.6931471805599453
können,0.6365141682948128
dies,1.4985690796770057
sozial,1.0397207708399179
werden,1.0397207708399179
zunehmend,0.6931471805599453
ein,1.0549201679861442
zeigen,1.0986122886681096
symptomatisch,0.6931471805599453
neu,0.6931471805599453
wir,0.5623351446188083
unser,0.6931471805599453
möglich,1.0986122886681096
sicher,0.6931471805599453
ihr,0.6365141682948128
