lemma,shannon
der,1.5224348859492818
elektronisch,0.6365141682948128
selten,0.7356219397587946
ein,1.4610386471736974
ermöglichen,0.6931471805599453
sein,0.9596147939120492
dies,1.687046507182433
digital,0.9556998911125343
werden,0.6365141682948128
ergeben,0.5623351446188083
gering,0.6931471805599453
können,1.3689223607402192
helfen,0.5623351446188083
technisch,0.6931471805599453
ihr,1.0397207708399179
