lemma,shannon
der,1.6456302026804268
ein,1.1988493129136213
zentral,0.6365141682948128
sein,0.6615632381579821
werden,1.310783678099714
gesetzlich,0.6365141682948128
aktuell,0.6365141682948128
medizinisch,0.6365141682948128
kontinuierlich,0.6931471805599453
dies,1.7045514452672972
qualitativ,0.6931471805599453
können,0.5623351446188083
digital,1.0042424730540764
sollen,0.6931471805599453
alle,0.6931471805599453
stehen,0.6931471805599453
