lemma,shannon
der,1.6275051498153854
ein,1.3074892671218044
gesundheitlich,1.0114042647073516
werden,0.8486855577264172
wichtig,0.6365141682948128
dies,1.4451858789480827
sein,0.6615632381579821
national,0.6931471805599453
verschieden,0.6365141682948128
besonder,0.6931471805599453
medizinisch,0.6931471805599453
jeweilig,0.6365141682948128
verstehen,0.6931471805599453
detailliert,0.6931471805599453
spezifisch,0.6931471805599453
