lemma,shannon
dies,1.2658567518727373
der,1.5864259085250099
darstellen,0.6931471805599453
zentral,1.0986122886681096
sein,1.3904377949394804
werden,1.2047933096947843
ein,1.2105578441774711
effizient,0.6931471805599453
klinisch,0.6365141682948128
gut,1.0397207708399179
international,0.6931471805599453
deutsch,0.6365141682948128
verschieden,0.5623351446188083
bundesweit,0.6931471805599453
zugänglich,0.6931471805599453
verbessert,0.6365141682948128
viel,0.6931471805599453
