lemma,shannon
der,1.5152080117664402
dies,1.4184836619456564
sein,1.1988493129136213
ein,1.6588881376069735
werden,0.6931471805599453
können,1.0549201679861442
verschieden,1.0397207708399179
medizinisch,1.0549201679861442
müssen,0.6931471805599453
sofortig,0.6931471805599453
allgemein,0.6365141682948128
zentral,0.6931471805599453
zusätzlich,0.6931471805599453
kontinuierlich,0.6931471805599453
bestmöglich,0.6931471805599453
