lemma,shannon
der,1.6234271508824794
deutsch,0.6365141682948128
ein,1.395498677715188
aktuell,0.6931471805599453
dies,1.494403211379612
werden,0.8599672810355049
sein,1.0608569471580214
pflegerisch,0.6931471805599453
ihr,1.0397207708399179
haben,0.9502705392332347
vorhanden,0.6931471805599453
intensiv,0.6365141682948128
