lemma,shannon
dies,1.0042424730540764
gehen,0.6365141682948128
ein,1.4075317407193153
entscheidend,0.6931471805599453
der,1.6449657147019456
werden,1.2798542258336676
sollen,0.6365141682948128
können,0.9502705392332347
weltweit,0.6931471805599453
sein,1.0735428464085233
hoch,1.0986122886681096
haben,0.6931471805599453
geben,0.6931471805599453
aktuell,0.6931471805599453
nah,0.6931471805599453
