lemma,shannon
der,1.7559833393290267
sein,0.5623351446188083
öffentlich,1.0397207708399179
werden,1.0042424730540764
dies,1.5047882836811908
ein,1.4180693652516905
wissenschaftlich,0.6931471805599453
alle,0.6365141682948128
haben,1.0114042647073516
führen,0.6931471805599453
gesundheitlich,0.6365141682948128
weit,0.6931471805599453
speziell,0.6365141682948128
diskutieren,0.6931471805599453
scheinen,0.6365141682948128
spezifisch,0.6931471805599453
können,0.6931471805599453
