lemma,shannon
der,1.5004524387182252
menschlich,0.6365141682948128
können,0.6730116670092565
werden,0.7963116401738131
haben,0.6730116670092565
ein,1.4241299173467734
sein,1.2148896539491205
dies,1.4142790651247086
politisch,0.5004024235381879
aktiv,0.6365141682948128
alle,0.6365141682948128
partizipativ,0.5623351446188083
teilen,0.6931471805599453
spezifisch,0.6931471805599453
systembezogen,0.6931471805599453
ander,0.6365141682948128
