lemma,shannon
dies,1.0114042647073516
der,1.7483899629646293
digital,1.2554823251787535
bieten,0.6931471805599453
ein,0.9950269901795212
national,0.6931471805599453
neu,0.6931471805599453
werden,1.2130075659799042
ethisch,1.0986122886681096
aktiv,0.6931471805599453
groß,0.6931471805599453
wichtig,0.6931471805599453
schaffen,0.6931471805599453
sein,0.8675632284814612
medizinisch,0.6365141682948128
entscheidend,0.6931471805599453
können,1.0549201679861442
