lemma,shannon
der,1.6453658469372276
werden,1.15374194270109
ein,1.0775733728921972
bestehen,0.6365141682948128
dies,1.3208883431493221
sein,0.5623351446188083
welch,0.6931471805599453
systematisch,0.6931471805599453
verschieden,0.6931471805599453
fehlen,0.6931471805599453
sammeln,0.5623351446188083
neu,1.0986122886681096
anreichern,0.6931471805599453
radiologisch,0.6931471805599453
erfassen,0.6931471805599453
ermöglichen,0.6931471805599453
