lemma,shannon
dies,1.162225544921092
der,1.5746708265199902
gesetzlich,1.0986122886681096
ein,1.2798542258336676
werden,0.9743147528693494
verschieden,0.6931471805599453
sein,0.9950269901795212
extern,0.6931471805599453
beinhalten,0.6931471805599453
sollen,0.6931471805599453
haben,0.6931471805599453
