lemma,shannon
dies,1.0720169685631928
der,1.5149854177049467
sein,1.331664310293015
haben,0.6365141682948128
ein,1.559581156259877
werden,1.0114042647073516
können,0.9002560512685369
symptomorientiert,0.6931471805599453
begrenzt,0.6931471805599453
verschieden,1.0986122886681096
ander,0.6931471805599453
medizinisch,0.5623351446188083
koordinieren,0.6931471805599453
weit,0.6931471805599453
