lemma,shannon
der,1.7239730460631186
ein,1.3572234514863983
sein,0.8018185525433372
religiös,0.6365141682948128
philosophisch,0.6365141682948128
bioethisch,0.6365141682948128
dies,1.2636544318820964
medizinisch,0.6931471805599453
können,1.0114042647073518
maschinell,0.6931471805599453
führen,0.6931471805599453
werden,0.5297061990576545
anhaltend,0.6931471805599453
wissenschaftlich,0.6365141682948128
aktuell,0.6931471805599453
spielen,0.6931471805599453
