lemma,shannon
dies,1.1966127112211293
sein,0.9368883075390159
allergisch,0.8675632284814612
der,1.6785672482812388
einzeln,0.6931471805599453
ein,1.2033320406994705
groß,0.6931471805599453
werden,0.8486855577264172
klinisch,0.5623351446188083
können,1.0986122886681096
führen,1.0986122886681096
natürlich,0.5623351446188083
einheitlich,0.6931471805599453
möglich,0.6931471805599453
chemisch-synthetisch,0.6365141682948128
definiert,0.6931471805599453
neu,0.6365141682948128
