lemma,shannon
der,1.68234317130317
stellen,0.6365141682948128
ein,1.1490596969706204
global,0.6931471805599453
dies,1.5607104090414063
sein,1.0888999753452238
müssen,0.6931471805599453
weit,1.0986122886681096
körperlich,0.6931471805599453
effektiv,0.6365141682948128
hoch,0.5623351446188083
psychosozial,0.6365141682948128
haben,0.6931471805599453
wirksam,0.6931471805599453
neurochemisch,0.6931471805599453
erheblich,0.6931471805599453
aktuell,0.6931471805599453
