lemma,shannon
dies,1.626020692420754
ein,0.937155853065701
der,1.6074011738819143
sein,0.9743147528693494
können,1.15374194270109
physisch,1.0986122886681096
kognitiv,0.6365141682948128
geistig,0.6931471805599453
einige,0.6365141682948128
werden,0.5297061990576545
möglich,0.6931471805599453
potentiell,1.0986122886681096
neurologisch,0.6931471805599453
individuell,0.6931471805599453
ihr,0.6931471805599453
