lemma,shannon
dies,1.1209503926735833
der,1.6725625564750792
sein,0.7963116401738131
unabhängig,0.6931471805599453
wissenschaftlich,0.6931471805599453
ein,1.5246335284348944
welch,0.6365141682948128
ihr,0.6730116670092565
werden,1.4681399390162087
wichtig,0.6931471805599453
speziell,0.6365141682948128
haben,0.6931471805599453
jeweilig,0.6931471805599453
informiert,0.6365141682948128
medizinisch,0.6365141682948128
erhalten,0.6931471805599453
zeigen,0.6931471805599453
