lemma,shannon
der,1.710621513506791
ein,1.7328679513998633
international,0.6931471805599453
konzentrieren,0.6931471805599453
psychisch,1.0296530140645737
somatisch,0.6931471805599453
sein,1.5498260458782016
dies,0.5623351446188083
werden,1.0397207708399179
stellen,0.6931471805599453
interdisziplinär,0.6365141682948128
wichtig,0.6931471805599453
ihr,0.6931471805599453
liegen,0.5623351446188083
methodologisch,0.6365141682948128
verdeutlichen,0.6931471805599453
