lemma,shannon
dies,1.4681399390162087
ein,1.4180693652516905
der,1.7004179143559683
haben,0.6931471805599453
sein,0.9556998911125343
führen,0.6931471805599453
werden,1.5465986860485124
kommen,0.6931471805599453
sollen,0.6931471805599453
informieren,0.6931471805599453
er,0.6931471805599453
beschreiben,0.6931471805599453
gut,0.6931471805599453
