lemma,shannon
sein,1.2130075659799042
der,1.5242229187333713
dies,1.277034259466139
ein,1.0789922078775833
werden,1.277034259466139
deutsch,0.6931471805599453
halten,0.6931471805599453
hoch,0.6931471805599453
haben,0.6931471805599453
welch,0.6931471805599453
sollen,0.6931471805599453
hinweisen,0.6931471805599453
neu,0.6365141682948128
ändern,0.6931471805599453
