lemma,shannon
sein,0.8587409130062867
ein,1.1203674513771107
hoch,1.0549201679861442
der,1.5455438615085102
können,0.7595473914748635
werden,0.5623351446188083
häufig,0.6365141682948128
ungünstig,0.6931471805599453
geben,0.6931471805599453
