lemma,shannon
der,1.5255029110026748
haben,0.6931471805599453
verschieden,1.0397207708399179
geben,0.6931471805599453
weit,0.9502705392332347
werden,0.30463609734923813
alle,1.0549201679861442
dies,0.6931471805599453
sein,0.6837389058487535
ein,1.6766961325918528
können,0.8486855577264172
aufdecken,0.6365141682948128
bestehen,0.6365141682948128
von,0.5623351446188083
prüfen,0.6931471805599453
berufspolitisch,0.6931471805599453
relevant,0.6931471805599453
