lemma,shannon
sein,1.2148896539491203
ärztlich,0.6365141682948128
liegen,0.6365141682948128
der,1.3631603770683105
betroffen,0.6931471805599453
ein,1.4941751382893085
aktuell,0.6365141682948128
werden,0.5623351446188083
allergisch,1.4941751382893085
häufig,0.6365141682948128
bleiben,0.6931471805599453
