lemma,shannon
haben,0.6365141682948128
der,1.4263431139771259
ein,1.0397207708399179
verschieden,0.6931471805599453
1,0.5004024235381879
gesetzlich,0.6931471805599453
medizinisch,0.6931471805599453
2,0.45056120886630463
dienen,0.6931471805599453
können,0.5623351446188083
4,0.6931471805599453
werden,0.8486855577264172
dies,1.3321790402101223
grundsätzlich,0.6365141682948128
sein,0.6365141682948128
stellen,0.6931471805599453
digital,0.6365141682948128
