lemma,shannon
der,1.637760562326152
haben,0.5623351446188083
international,0.5004024235381879
psychisch,0.6869615765973234
stehen,0.6365141682948128
somatisch,0.6931471805599453
populationsbasiert,0.6931471805599453
ein,1.0549201679861442
sein,1.0114042647073516
ihr,1.0397207708399179
befassen,0.6931471805599453
werden,1.0397207708399179
gesamt,0.6365141682948128
müssen,0.6931471805599453
methodisch,0.6931471805599453
