lemma,shannon
der,1.5389201589842492
sein,1.5498260458782016
schnell,0.6931471805599453
stark,0.6365141682948128
können,0.6365141682948128
werden,1.5171063970610272
dies,1.3321790402101223
ein,0.6365141682948128
erforderlich,0.6931471805599453
ihr,0.6931471805599453
speziell,0.6931471805599453
