lemma,shannon
der,1.6395461254393295
sein,0.6931471805599453
ein,1.5148560404565352
werden,1.0549201679861442
dies,1.277034259466139
möglich,0.6931471805599453
terroristisch,1.0397207708399179
kein,0.6931471805599453
ihr,1.0986122886681096
präklinisch,0.6931471805599453
von,0.37677016125643675
gesellschaftlich,0.6931471805599453
entsprechend,0.6931471805599453
