lemma,shannon
der,1.373166319472891
werden,1.1626998334975678
haben,0.6931471805599453
1,0.45056120886630463
steuern,0.6931471805599453
dies,1.3321790402101223
physiologisch,0.6931471805599453
sinnvoll,0.6931471805599453
können,1.3862943611198906
ein,1.0549201679861442
sein,1.0789922078775833
neu,0.6931471805599453
alle,0.5623351446188083
cell,0.6931471805599453
3,0.5623351446188083
experimentell,0.6365141682948128
