lemma,shannon
der,1.7014612365841373
selten,1.0549201679861442
von,0.2711893730418441
sein,0.6931471805599453
verschieden,1.0986122886681096
deutsch,0.6931471805599453
werden,1.4142790651247086
dies,0.6931471805599453
haben,0.6365141682948128
einzeln,0.6931471805599453
alle,0.6931471805599453
europäisch,0.6365141682948128
entstehen,0.6931471805599453
ein,0.5623351446188083
standardisiert,0.6365141682948128
