human,continue,explain,create
0.0,0.0,0.0,0.0
0.0,0.00024286581663630845,0.0,0.0
0.0,0.0,0.0008413967185527977,0.0
0.0,0.0,0.00024351637647631802,0.0
0.0,0.0,0.0,0.0
0.0,0.0,0.0,0.0
0.0,0.0,0.0,0.0
0.0,0.0,0.0,0.0
0.0,0.0004201680672268908,0.0,0.0
0.0,0.0,0.0,0.0
