lemma,shannon
dürfen,0.6931471805599453
der,1.4985620310298282
gehen,0.6931471805599453
ein,0.8675632284814612
sein,1.2148896539491205
können,0.6931471805599453
werden,1.0986122886681096
haben,0.6931471805599453
weisen,0.6931471805599453
müssen,0.6931471805599453
vergessen,0.6931471805599453
jed,0.6931471805599453
stellen,0.6931471805599453
