lemma,shannon
der,1.6246299990964652
ein,1.0775733728921972
legen,0.6931471805599453
können,0.6931471805599453
sein,1.457125110552818
werden,0.6365141682948128
sehen,0.6931471805599453
haben,1.0114042647073516
reich,0.6931471805599453
weit,0.6931471805599453
politisch,0.6365141682948128
geben,0.6931471805599453
kein,0.6931471805599453
dies,0.6931471805599453
ausländisch,0.6931471805599453
