lemma,shannon
der,1.5789730473341188
ein,1.3979917020604717
können,0.6615632381579821
sein,0.7298712099831165
niemand,0.6931471805599453
erst,0.6931471805599453
zweit,0.9502705392332347
werden,0.6931471805599453
jed,1.0986122886681096
ihr,0.6931471805599453
dies,0.6365141682948128
schwierig,0.6931471805599453
ander,0.6931471805599453
alt,0.6931471805599453
