lemma,shannon
der,1.596934199702537
sein,1.3321790402101223
verlieren,0.6931471805599453
fehlen,0.6365141682948128
ein,1.0397207708399179
finden,0.6931471805599453
haben,0.6931471805599453
dies,0.6931471805599453
werden,0.6931471805599453
solch,0.6931471805599453
