lemma,shannon
der,1.8174767806087826
werden,1.0114042647073518
sein,1.933809998920632
ein,1.2130075659799042
dies,1.0397207708399179
besonder,0.6931471805599453
haben,0.5623351446188083
können,0.6931471805599453
er,1.0986122886681096
historisch,0.6931471805599453
etablieren,0.6931471805599453
zeigen,0.6931471805599453
ander,1.0986122886681096
ihr,1.0397207708399179
neu,0.6931471805599453
