lemma,shannon
schneiden,0.6931471805599453
der,1.7423870014941796
sein,2.2008276490345495
viel,0.5623351446188083
alle,1.0986122886681096
dies,0.6365141682948128
ihr,0.6931471805599453
ein,1.6762349391347309
haben,0.6931471805599453
klassisch,0.6931471805599453
werden,1.0986122886681096
gut,0.6931471805599453
speziell,1.0986122886681096
groß,1.0986122886681096
langfristig,0.6931471805599453
weit,0.6931471805599453
