lemma,shannon
geben,0.6931471805599453
der,1.6311795841743972
stark,0.6931471805599453
ein,1.711845135233912
dies,1.5498260458782016
sein,1.242453324894
Sie|sie,0.6931471805599453
jung,0.6931471805599453
extremistisch,0.6365141682948128
machen,0.6931471805599453
kein,0.6931471805599453
können,1.0042424730540764
solch,0.6931471805599453
klar,0.6931471805599453
lokal,0.6931471805599453
