lemma,shannon
der,1.5858813053028238
sein,1.9600951351245586
haben,1.242453324894
amerikanisch,0.6931471805599453
dies,0.6365141682948128
ein,1.5498260458782016
er,0.3250829733914482
betonen,0.6931471805599453
erheblich,0.6931471805599453
werden,0.6365141682948128
können,0.6365141682948128
national,0.6931471805599453
klar,0.6931471805599453
erwähnen,0.6931471805599453
