lemma,shannon
der,1.626879517226252
müssen,0.6931471805599453
kommen,0.6931471805599453
ander,0.6931471805599453
dritt,1.0114042647073516
werden,1.5498260458782016
sein,1.0735428464085233
zeigen,0.6931471805599453
wer,0.6931471805599453
ein,1.4681399390162087
schwer,0.6931471805599453
dies,1.0549201679861442
ihr,0.6365141682948128
können,0.6365141682948128
politisch,0.6931471805599453
effektiv,0.6931471805599453
