lemma,shannon
letzt,0.6365141682948128
stehen,0.6365141682948128
der,1.665153511653788
setzen,0.6931471805599453
ein,1.703474398114505
zeigen,1.0986122886681096
sein,1.3208883431493221
taktisch,0.6931471805599453
sie,0.6365141682948128
ihr,1.0986122886681096
beide,0.5623351446188083
haben,1.0397207708399179
belgisch,0.6730116670092565
dies,1.5607104090414063
verursachen,0.6931471805599453
erreichen,0.6931471805599453
werden,0.6931471805599453
