lemma,shannon
der,1.7461974437228265
ein,1.0114042647073518
sollen,0.6365141682948128
werden,0.6931471805599453
kommend,0.6365141682948128
neu,0.6931471805599453
sein,1.15374194270109
müssen,0.6931471805599453
jung,0.6931471805599453
haben,0.6931471805599453
alle,0.6931471805599453
möglich,0.6931471805599453
können,0.6365141682948128
regelmäßig,0.6931471805599453
einhalten,0.6931471805599453
bleiben,0.6365141682948128
schließen,0.6931471805599453
