lemma,shannon
müssen,0.6365141682948128
er,0.5004024235381879
sein,1.6957425341696346
der,1.688012910296697
schräg,0.6931471805599453
ein,1.4791328074296435
alle,0.6365141682948128
dies,1.7328679513998633
haben,1.0986122886681096
finden,0.6931471805599453
gehen,0.6931471805599453
vergangen,0.6931471805599453
kommen,0.6931471805599453
werden,1.0397207708399179
ich,1.0986122886681096
betreffen,0.6931471805599453
neu,1.0986122886681096
ihr,0.6931471805599453
