lemma,shannon
weich,0.6365141682948128
der,1.6927142971247024
stehen,0.6931471805599453
laufen,0.6365141682948128
sein,1.0042424730540764
dies,1.3321790402101223
lassen,0.6931471805599453
viel,0.6931471805599453
modern,0.6931471805599453
können,0.6931471805599453
werden,0.6365141682948128
ein,0.5623351446188083
erhöhen,0.6931471805599453
zeigen,0.6931471805599453
sollen,0.6931471805599453
individuell,0.6931471805599453
