lemma,shannon
er,0.9743147528693494
sein,2.02804676777597
haben,1.5607104090414063
der,1.6311795841743972
rechtsextrem,0.6365141682948128
ein,1.4868952268881837
dies,0.6931471805599453
weisen,0.6931471805599453
psychisch,0.6931471805599453
können,1.3862943611198906
geheim,0.6931471805599453
werden,0.6931471805599453
machen,0.6931471805599453
klar,0.6931471805599453
schaffen,0.6931471805599453
letzt,0.6931471805599453
total,0.6931471805599453
