lemma,shannon
der,1.8482885165724114
ein,1.6726254461503207
werden,1.0114042647073518
sein,2.031759218569271
mutmasslich,0.6931471805599453
kommen,1.0986122886681096
haben,1.0986122886681096
dies,0.6931471805599453
können,0.6365141682948128
festnehmen,0.6931471805599453
erst,0.6931471805599453
klar,0.6931471805599453
ihr,0.6931471805599453
er,0.6931471805599453
hart,0.6931471805599453
