lemma,shannon
sehen,0.6931471805599453
der,1.8166933378464052
ein,1.5571130980576458
geben,0.6931471805599453
setzen,0.6931471805599453
ihr,1.0986122886681096
sein,1.809514255849282
werden,1.0397207708399179
dies,1.0789922078775833
er,0.5623351446188083
müssen,0.6931471805599453
stellen,0.6931471805599453
kurz,0.6931471805599453
