lemma,shannon
der,1.6978671202238063
sein,1.0397207708399179
ein,1.6957425341696346
politisch,1.0986122886681096
historisch,0.6931471805599453
werden,0.6931471805599453
dies,1.0397207708399179
beide,0.6931471805599453
führen,0.6931471805599453
arabisch,0.6931471805599453
zentral,0.6931471805599453
extern,0.6931471805599453
ihr,0.6931471805599453
lassen,0.6931471805599453
negativ,0.6931471805599453
