lemma,shannon
haben,0.5623351446188083
der,1.5921154815485845
sein,2.154783153373369
ein,1.7140875411870102
hart,1.0986122886681096
machen,0.6931471805599453
er,0.9433483923290391
jed,0.6931471805599453
dies,1.7478680974667573
werden,1.3321790402101223
geben,0.6365141682948128
mein,0.6931471805599453
ich,1.0549201679861442
können,0.6365141682948128
sollen,0.6931471805599453
