lemma,shannon
der,1.738617370752302
sein,1.0397207708399179
viel,0.6931471805599453
haben,0.6365141682948128
spielen,0.6931471805599453
geben,0.6931471805599453
ein,1.6726254461503207
erneut,0.6931471805599453
werden,1.0397207708399179
alle,0.5623351446188083
bleiben,0.6931471805599453
neu,0.6365141682948128
dies,0.6931471805599453
