lemma,shannon
drohen,0.6931471805599453
sein,1.8462202193216335
der,1.8168855890454387
ihr,1.3321790402101223
haben,1.3862943611198906
ein,1.4184836619456564
häufig,0.6931471805599453
werden,1.5498260458782016
alle,1.0986122886681096
finden,1.0986122886681096
geben,1.0986122886681096
dies,1.0986122886681096
machen,0.6931471805599453
können,0.6931471805599453
lassen,0.6365141682948128
landesweit,0.6931471805599453
klar,1.0986122886681096
abschließend,0.6931471805599453
