lemma,shannon
sein,1.8705688894156371
der,1.7508680361475695
jung,1.5607104090414063
machen,0.6931471805599453
werden,1.3862943611198906
er,0.9502705392332347
ein,1.5498260458782016
setzen,0.6931471805599453
haben,1.0986122886681096
müssen,0.6931471805599453
zeigen,0.6931471805599453
politisch,0.6931471805599453
sollen,0.6931471805599453
