lemma,shannon
neu,0.6931471805599453
der,1.8047975596236625
bekannt,0.6931471805599453
treten,0.6931471805599453
ein,1.5465986860485124
werden,1.0397207708399179
dies,0.9502705392332347
ihr,1.0397207708399179
sein,1.3862943611198906
können,0.6931471805599453
kommen,0.6931471805599453
historisch,0.6931471805599453
jen,0.6931471805599453
stark,1.0986122886681096
bemerkenswert,0.6931471805599453
weit,1.0986122886681096
sozial,0.6931471805599453
