lemma,shannon
in,0.3250829733914482
ein,1.6957425341696346
haben,0.6931471805599453
der,1.777349310228171
spät,0.6931471805599453
sein,1.7351264569629226
möglich,0.6365141682948128
unser,1.0986122886681096
alle,0.9502705392332347
schnell,0.6365141682948128
werden,1.242453324894
laut,0.6931471805599453
ihr,0.6931471805599453
erheblich,0.6931471805599453
wesentlich,0.6931471805599453
bleiben,1.0986122886681096
