lemma,shannon
der,1.541054417568046
erst,0.6931471805599453
ich,0.5623351446188083
wir,0.45056120886630463
ein,1.2309316230479224
alt,0.6931471805599453
unser,1.3862943611198906
klein,1.0986122886681096
dies,1.5607104090414063
sein,1.6769877743224175
scheinen,0.6931471805599453
gemeinsam,0.6931471805599453
können,1.0397207708399179
ihr,1.559581156259877
werden,0.6365141682948128
haben,0.6365141682948128
beide,0.6931471805599453
machen,0.6931471805599453
