lemma,shannon
der,1.7151193084676726
ein,1.3760552852604169
sein,1.4750763110546947
verlassen,0.6931471805599453
wenig,0.6931471805599453
mehrere,0.6931471805599453
schnell,0.6365141682948128
weit,0.6365141682948128
mein,0.6931471805599453
ziehen,0.6365141682948128
werden,1.6094379124341005
können,0.6931471805599453
erst,0.6931471805599453
unser,0.6931471805599453
laufen,0.6931471805599453
kommend,0.6931471805599453
