lemma,shannon
ein,1.5193826646423012
der,1.7359755267645556
ihr,0.6931471805599453
wir,0.6365141682948128
sein,1.3321790402101223
bleiben,1.0986122886681096
neu,0.6931471805599453
können,0.6931471805599453
alle,1.0397207708399179
werden,0.6931471805599453
begründen,0.6931471805599453
