lemma,shannon
der,1.7294994827022245
ein,1.4735023850806486
sein,1.3208883431493221
geben,0.6931471805599453
ihr,0.6931471805599453
berichten,1.0986122886681096
laut,0.6365141682948128
hoch,0.6931471805599453
technisch,0.6931471805599453
werden,0.6365141682948128
international,0.6365141682948128
unser,1.0986122886681096
framework,0.6931471805599453
