lemma,shannon
groß,1.0397207708399179
ein,1.7328679513998633
der,1.5845408468856266
haben,1.277034259466139
ihr,0.6931471805599453
sein,1.3862943611198906
werden,1.277034259466139
zeigen,0.6931471805599453
hoch,0.6931471805599453
können,1.0986122886681096
stehen,0.6931471805599453
