lemma,shannon
der,1.7577156851123363
neu,0.6365141682948128
ein,1.7351264569629226
sollen,0.6365141682948128
sein,1.3321790402101223
werden,0.9002560512685369
fossil,0.6365141682948128
können,1.3862943611198906
öffentlich,1.0986122886681096
einige,0.6931471805599453
international,0.6931471805599453
global,0.6931471805599453
umsetzen,0.6931471805599453
geplant,0.6931471805599453
dies,1.3862943611198906
nah,0.6931471805599453
