lemma,shannon
der,1.7158254704568319
zusätzlich,0.6931471805599453
werden,1.4750763110546947
dies,1.0986122886681096
ein,1.277034259466139
wir,0.5623351446188083
haben,1.5607104090414063
bezahlen,0.6931471805599453
sein,1.0397207708399179
ihr,0.6931471805599453
fordern,0.6931471805599453
bestätigen,0.6365141682948128
unser,0.6931471805599453
geben,0.6931471805599453
neu,0.6931471805599453
weit,0.6365141682948128
spanisch,0.6931471805599453
transparent,1.0986122886681096
