lemma,shannon
der,1.6656937036662838
klein,0.6365141682948128
ein,1.4270610433807247
gemeinsam,0.6365141682948128
sie,0.6365141682948128
sein,1.5229550675313184
unser,0.6931471805599453
erst,0.6931471805599453
werden,0.6931471805599453
treffen,0.6931471805599453
spielen,0.6931471805599453
dies,0.6931471805599453
er,1.0397207708399179
