lemma,shannon
der,1.7768882733310158
ein,1.4226300262075475
schrecklich,0.6931471805599453
haben,1.0986122886681096
früh,0.6931471805599453
fahren,0.6931471805599453
sein,1.310783678099714
werden,1.3689223607402192
müssen,0.6931471805599453
können,1.0986122886681096
ihr,1.0986122886681096
schwer,0.6931471805599453
möglich,0.6365141682948128
untersuchen,0.6931471805599453
alle,0.6365141682948128
bleiben,0.6931471805599453
betroffen,0.6931471805599453
stehen,0.6931471805599453
