lemma,shannon
der,1.7864614971281976
haben,0.6931471805599453
ein,1.3592367006650063
neu,0.6365141682948128
sorgen,0.6931471805599453
ich,0.6730116670092565
sein,1.3321790402101223
kein,1.0986122886681096
stehen,1.0986122886681096
alle,1.0397207708399179
werden,1.3862943611198906
viel,0.6931471805599453
herzlich,0.6931471805599453
nah,0.6931471805599453
