lemma,shannon
der,1.7549270198726685
ihr,1.0549201679861442
hart,0.6931471805599453
sein,0.7963116401738131
haben,1.4184836619456564
ein,1.6977335913743925
viel,0.6365141682948128
ganz,0.6931471805599453
werden,1.0114042647073516
erheblich,0.6931471805599453
berichten,0.6931471805599453
groß,1.0397207708399179
unser,0.6365141682948128
international,0.6931471805599453
dies,1.0397207708399179
können,1.0549201679861442
bleiben,1.0549201679861442
bieten,0.6931471805599453
