lemma,shannon
haben,1.6094379124341005
alle,1.0397207708399179
können,1.0986122886681096
der,1.7039434869425838
ein,1.4241299173467734
sein,1.7917594692280547
weit,0.6931471805599453
wenig,0.6931471805599453
sagen,0.6931471805599453
dies,1.0397207708399179
bringen,0.6931471805599453
schnell,1.0986122886681096
dieselbe,0.6931471805599453
gehen,0.6931471805599453
erst,0.6931471805599453
solch,0.5623351446188083
rational,0.6931471805599453
gemeinsam,0.6931471805599453
