lemma,shannon
sterben,0.6931471805599453
der,1.6311795841743972
ein,1.5498260458782016
sein,0.6931471805599453
haben,1.0397207708399179
ihr,1.2798542258336676
verlieren,0.6931471805599453
alt,1.0986122886681096
werden,0.6365141682948128
groß,0.6931471805599453
dies,0.6365141682948128
gelten,0.6931471805599453
lassen,0.6931471805599453
