lemma,shannon
für,0.5623351446188083
der,1.6561811609831871
ein,1.6307991045856434
stehen,0.6931471805599453
sein,1.5607104090414063
alle,0.6931471805599453
kommen,0.6931471805599453
ich,0.6931471805599453
sehen,0.6931471805599453
dies,1.0397207708399179
ihr,0.6365141682948128
schließen,0.6931471805599453
neu,0.6931471805599453
werden,1.0986122886681096
