lemma,shannon
der,1.793521342668928
bleiben,1.0986122886681096
groß,0.6931471805599453
ihr,1.0397207708399179
ein,1.6726254461503207
präsentieren,0.6931471805599453
werden,0.6365141682948128
sein,1.6674619334292948
wirtschaftlich,0.6931471805599453
welch,0.6931471805599453
wir,0.6365141682948128
weit,0.6931471805599453
er,0.6365141682948128
verschieden,0.6931471805599453
alle,0.6931471805599453
