lemma,shannon
der,1.6824397355120164
sein,1.7478680974667573
politisch,0.6931471805599453
haben,0.6931471805599453
ein,1.3296613488547582
signifikant,0.6931471805599453
steigen,0.6931471805599453
werden,1.0986122886681096
dies,1.329661348854758
liegen,0.6365141682948128
ihr,0.6931471805599453
hoch,0.6931471805599453
alle,0.6365141682948128
neu,0.6365141682948128
sehen,0.6931471805599453
drastisch,0.6931471805599453
europäisch,0.6931471805599453
bleiben,0.6931471805599453
