lemma,shannon
dies,0.6931471805599453
der,1.4774767909402917
ander,0.6365141682948128
sein,1.277034259466139
gesamt,0.6931471805599453
ein,1.519382664642301
er,0.8675632284814612
haben,1.3321790402101223
mehrere,0.6931471805599453
stehen,0.6365141682948128
werden,1.0986122886681096
kurz,0.6931471805599453
nah,0.6931471805599453
