lemma,shannon
der,1.5576507734144271
ein,1.5740973368489728
aufstrebend,0.6931471805599453
sollen,0.6931471805599453
haben,0.6931471805599453
erst,0.6365141682948128
sein,2.0611128325795947
ihr,1.5229550675313184
erlangen,0.6931471805599453
werden,1.0549201679861442
groß,1.3862943611198906
stehen,0.6931471805599453
übernehmen,0.6931471805599453
früh,0.6931471805599453
er,0.6365141682948128
bekannt,1.0986122886681096
jung,1.0397207708399179
können,0.6931471805599453
