lemma,shannon
der,1.6732244230645494
ein,1.4941751382893085
sein,1.8343719702816235
er,0.5004024235381879
dies,1.0549201679861442
haben,1.0397207708399179
jung,0.6931471805599453
erreichen,0.6931471805599453
können,0.6931471805599453
weit,0.6365141682948128
relevant,0.6931471805599453
