lemma,shannon
der,1.6205926373635853
aktuell,1.0986122886681096
werden,1.0397207708399179
sein,1.3296613488547582
ein,0.6365141682948128
kein,0.6931471805599453
können,1.0986122886681096
bestätigt,0.6931471805599453
alle,0.6365141682948128
testen,0.6931471805599453
schwer,0.6931471805599453
mild,0.6931471805599453
bleiben,1.0397207708399179
offen,0.6931471805599453
betroffen,0.6931471805599453
positiv,0.6931471805599453
basierend,0.6931471805599453
