lemma,shannon
der,1.77429236953819
streben,0.6931471805599453
ein,1.5498260458782016
dies,1.310783678099714
sollen,0.6931471805599453
groß,1.3862943611198906
erreichen,0.6931471805599453
werden,1.0042424730540764
sein,1.0397207708399179
aerodynamisch,0.6931471805599453
deutlich,0.6931471805599453
neu,0.6730116670092565
hoch,1.0986122886681096
bleiben,0.6365141682948128
zusätzlich,0.6931471805599453
künftig,0.6931471805599453
effizient,0.6931471805599453
