lemma,shannon
der,1.8118873380967055
ihr,1.0986122886681096
ein,1.5607104090414063
dies,1.5810937501718239
wir,0.6365141682948128
sein,1.991509361356614
er,0.5004024235381879
jed,0.6931471805599453
besonder,0.6931471805599453
werden,1.6434177197931796
alle,0.6931471805599453
leer,0.6931471805599453
bleiben,0.6365141682948128
sollen,0.6931471805599453
können,0.6931471805599453
solch,0.6931471805599453
