lemma,shannon
der,1.7623555428991198
haben,0.6931471805599453
ein,1.8343719702816237
sein,1.8184831630123652
jung,0.6931471805599453
dies,1.0549201679861442
letzt,0.6931471805599453
halten,0.6931471805599453
betonen,0.6931471805599453
sollen,0.6931471805599453
müssen,0.6931471805599453
ambitioniert,0.6931471805599453
klar,0.6931471805599453
wollen,0.6931471805599453
möglich,0.6931471805599453
lassen,0.6931471805599453
erfolgreich,0.6931471805599453
weit,0.6931471805599453
