lemma,shannon
der,1.6762991259744275
werden,1.15374194270109
ein,1.4681399390162087
neu,0.45056120886630463
dies,1.5498260458782016
sein,0.6365141682948128
stammen,0.6931471805599453
haben,1.0986122886681096
erst,1.0986122886681096
beziehen,0.6931471805599453
produziert,0.6931471805599453
temporär,0.6931471805599453
gut,0.6365141682948128
lokal,1.0986122886681096
günstig,0.6931471805599453
schlecht,0.6931471805599453
ander,0.6931471805599453
