lemma,shannon
der,1.7681740853328494
beschreiben,0.6365141682948128
ein,1.1685184057430877
schwer,0.6931471805599453
haben,1.0042424730540764
ihr,1.5890269151739727
körperlich,0.6931471805599453
werden,1.5607104090414063
kein,0.6365141682948128
sein,1.8866967846580784
können,1.0986122886681096
dies,1.3321790402101223
ich,0.6365141682948128
fordern,0.6931471805599453
