lemma,shannon
der,1.5072615783993961
haben,1.0986122886681096
bleiben,0.6931471805599453
ein,1.6920198079084638
sie,0.5623351446188083
wichtig,0.6931471805599453
sein,1.3862943611198906
erst,0.6931471805599453
dies,0.6365141682948128
zweit,0.6931471805599453
zusätzlich,0.6931471805599453
stark,0.6931471805599453
