lemma,shannon
der,1.7505772279825909
ein,1.277034259466139
viel,0.6931471805599453
haben,0.6931471805599453
ihr,1.3321790402101223
neu,0.6931471805599453
werden,1.5229550675313184
sagen,0.6931471805599453
können,1.0397207708399179
dies,1.0397207708399179
sein,1.329661348854758
ändern,0.6931471805599453
alle,0.6931471805599453
löschen,0.6931471805599453
stellen,0.6931471805599453
explizit,0.6931471805599453
welch,0.6931471805599453
halten,0.6931471805599453
