lemma,shannon
dies,1.4184836619456564
der,1.817821203133733
portugiesisch,0.6365141682948128
ein,1.277034259466139
werden,1.0397207708399179
viel,0.5004024235381879
können,0.6931471805599453
ihr,0.6365141682948128
bedeutend,0.6931471805599453
sein,1.3321790402101223
ander,0.6931471805599453
