lemma,shannon
der,1.4529105173784622
sie,0.2711893730418441
werden,0.6791932659915256
ihr,1.0608569471580214
sein,1.454867109266288
berühmt,0.45056120886630463
groß,0.6365141682948128
müssen,0.6931471805599453
ein,1.656551126696654
er,0.9184277849930977
jung,1.0986122886681096
spielen,0.6931471805599453
starten,0.6931471805599453
