lemma,shannon
der,1.474094727861846
spät,0.6931471805599453
ein,1.438882950216986
sein,0.6931471805599453
unter,0.6931471805599453
lang,0.6365141682948128
