lemma,shannon
haben,1.6094379124341005
der,1.6154504888553052
werden,0.9502705392332347
ein,1.5229550675313182
impfen,0.6829081047004717
sein,1.4265337291131526
geben,0.6931471805599453
unser,1.0986122886681096
müssen,1.0986122886681096
lassen,0.6365141682948128
zwingen,0.6931471805599453
alle,0.5623351446188083
weit,0.6931471805599453
lang,0.6931471805599453
erwischen,0.6931471805599453
kein,0.6931471805599453
