lemma,shannon
sprechen,0.6931471805599453
werden,0.6365141682948128
verstehen,0.6931471805599453
der,1.5647298595554242
sein,1.1274832349932322
lang,0.6931471805599453
haben,0.8675632284814612
ein,1.1710598699903711
dies,0.6931471805599453
handeln,0.6931471805599453
müssen,0.6931471805599453
können,1.0986122886681096
nehmen,0.6931471805599453
dauern,0.6931471805599453
ander,0.6931471805599453
gut,0.6365141682948128
