lemma,shannon
der,1.639478063814783
dies,0.6931471805599453
fragen,0.6931471805599453
sein,1.1032634988483543
es,0.45056120886630463
ein,0.9743147528693494
reisen,0.6365141682948128
finden,0.6931471805599453
wir,0.4361623253853443
alle,1.3862943611198906
haben,0.5623351446188083
viel,0.6365141682948128
ihr,1.0986122886681096
gut,0.6365141682948128
unser,0.6365141682948128
klein,0.6931471805599453
günstig,0.6931471805599453
täglich,0.6931471805599453
