lemma,shannon
haben,1.4681399390162087
der,1.6295237750712142
sagen,0.5004024235381879
sein,2.3657726267102657
geben,0.6931471805599453
kein,0.6931471805599453
ein,1.5236208972034042
werden,1.0114042647073518
dies,0.6931471805599453
verlangen,0.6931471805599453
spät,0.6931471805599453
er,0.5297061990576545
abgeben,0.6365141682948128
stehen,0.6931471805599453
können,0.6931471805599453
