lemma,shannon
der,1.5505111902862678
beide,0.5004024235381879
ihr,0.6931471805599453
ein,1.5341414639483677
kommen,1.0397207708399179
sprechen,0.6931471805599453
sein,1.6192093785631976
er,0.336495757583516
haben,1.3372952378958223
wollen,1.5607104090414063
dies,1.3862943611198906
unter,0.6931471805599453
werden,0.6931471805599453
versuchen,0.6931471805599453
weisen,0.6931471805599453
