lemma,shannon
erst,1.242453324894
der,1.6254079452987331
Ihr|ihr,0.6931471805599453
richtig,0.6931471805599453
ihr,1.242453324894
werden,1.0397207708399179
er,1.0114042647073518
ein,1.5607104090414063
sein,1.3592367006650063
alle,0.6365141682948128
dies,0.6931471805599453
widmen,0.6931471805599453
haben,0.6931471805599453
sogenannt,0.6931471805599453
kabellos,0.6365141682948128
