lemma,shannon
sein,0.9554471413937667
der,1.5870305057839749
haben,0.6365141682948128
erst,0.5623351446188083
ein,1.4388829502169862
reagieren,0.6931471805599453
weltweit,0.6365141682948128
notieren,0.6931471805599453
werden,0.6931471805599453
viel,0.6931471805599453
können,1.0549201679861442
schnell,0.6931471805599453
sicher,0.6931471805599453
hoch,0.6931471805599453
global,0.6365141682948128
spüren,0.6931471805599453
leiden,0.6931471805599453
