lemma,shannon
der,1.6074311937989756
systematisch,0.5623351446188083
ein,1.6657069583340762
gewährleisten,1.0397207708399179
intensivmedizinisch,1.0986122886681096
sein,0.936888307539016
werden,1.2654130965141723
müssen,0.6931471805599453
dies,1.3296613488547582
können,1.242453324894
zeigen,0.6931471805599453
gering,0.6931471805599453
