lemma,shannon
der,1.3919816131102145
atopisch,0.6931471805599453
sein,0.9949236325717752
ein,1.0797346179130656
können,1.2798542258336676
werden,1.0114042647073518
topisch,0.6931471805599453
groß,0.6931471805599453
untersuchen,0.6931471805599453
bestätigen,0.6931471805599453
haben,0.6931471805599453
hochwertig,0.6931471805599453
weit,0.6931471805599453
profitieren,0.6931471805599453
rekombinant,0.6931471805599453
