lemma,shannon
sexuell,1.2406842919533958
ein,1.3522093992338284
der,1.6016630246658676
sozial,0.7356219397587946
breit,1.0986122886681096
dies,1.4985690796770057
sein,1.6715952780212544
spezifisch,0.6365141682948128
umfassend,0.6931471805599453
werden,1.1682824501765625
klar,0.6931471805599453
qualitativ,0.6931471805599453
quantitativ,0.6931471805599453
können,1.3862943611198906
genau,0.6931471805599453
stark,0.6931471805599453
weit,1.0397207708399179
