lemma,shannon
spielen,0.6365141682948128
ein,1.0512435186197397
der,1.3225800878875462
institutionell,0.6365141682948128
ihr,1.0397207708399179
aufbauen,0.6365141682948128
werden,0.3250829733914482
vertrauensvoll,0.6931471805599453
können,1.0549201679861442
erfolgreich,0.5623351446188083
dies,1.0397207708399179
sein,1.0239287996389363
sie,0.6365141682948128
offen,0.5623351446188083
wichtig,0.6365141682948128
transparenen,0.6931471805599453
