lemma,shannon
der,1.3338565976017807
haben,0.6365141682948128
alle,1.0986122886681096
ein,1.4791328074296435
groß,1.0986122886681096
digital,0.8979457248567798
stark,0.6931471805599453
neu,0.6365141682948128
dies,1.559581156259877
sollen,1.0397207708399179
gestalten,0.5623351446188083
gesundheitsförderlich,1.242453324894
sein,0.9002560512685369
nutzen,0.6931471805599453
können,1.1685184057430877
machen,0.6931471805599453
wichtig,0.5623351446188083
