lemma,shannon
der,1.5970275732654928
haben,0.6931471805599453
kommunal,0.6931471805599453
sein,0.9184277849930976
deutlich,0.6931471805599453
ein,0.5982695885852573
werden,0.37677016125643675
dies,0.6730116670092565
ander,1.0397207708399179
müssen,0.6931471805599453
originär,1.0986122886681096
können,1.0549201679861442
langfristig,0.6931471805599453
ihr,0.6365141682948128
alle,0.6365141682948128
ganzheitlich,0.6931471805599453
