lemma,shannon
der,1.630963422287958
ein,1.4383318472448687
umfassend,0.6931471805599453
sein,0.45056120886630463
haben,0.6931471805599453
können,0.6829081047004717
dies,0.6829081047004717
wichtig,0.6931471805599453
werden,0.8675632284814612
viel,0.6365141682948128
häufig,0.6931471805599453
lassen,0.6931471805599453
ermöglichen,0.6365141682948128
stellen,0.6931471805599453
entwickeln,0.6931471805599453
