lemma,shannon
sein,1.2852930241200995
ein,0.9002560512685369
der,1.6523735409454607
dies,1.0986122886681096
können,0.6931471805599453
werden,1.2554823251787535
zoonotisch,0.6931471805599453
zeigen,0.6931471805599453
oft,0.6931471805599453
genau,0.6931471805599453
relevant,0.6931471805599453
concern,0.6931471805599453
be,0.6365141682948128
