lemma,shannon
der,1.4751500272162124
psychisch,0.5623351446188083
sein,0.410116318288409
häufig,0.6365141682948128
ein,1.2105578441774711
können,0.6365141682948128
negativ,0.6931471805599453
dies,1.0549201679861442
zusätzlich,0.6365141682948128
werden,1.277034259466139
weit,0.6931471805599453
hoch,1.3862943611198906
