lemma,shannon
der,1.3396443937826044
ein,1.1900763072081852
entscheidend,0.6931471805599453
sein,0.5982695885852573
evidenzbasiert,1.2130075659799042
neu,0.6365141682948128
werden,1.2206072645530173
dies,1.4941751382893085
verschieden,0.6931471805599453
zahlreich,0.6931471805599453
wissenschaftlich,0.6931471805599453
wichtig,1.0986122886681096
relevant,0.6365141682948128
sicherstellen,0.6931471805599453
organisatorisch,0.6365141682948128
transparent,0.6931471805599453
