lemma,shannon
ein,1.472157144138865
der,1.557905669492815
öffentlich,0.5004024235381879
medizinisch,0.6931471805599453
entscheidend,0.6931471805599453
aktuell,0.6365141682948128
können,0.6730116670092565
werden,0.8599672810355049
technisch,0.6931471805599453
müssen,0.6365141682948128
dies,1.0789922078775833
kontinuierlich,0.6931471805599453
sein,1.0114042647073516
solch,1.0986122886681096
ermöglichen,0.6931471805599453
verschieden,0.6931471805599453
stellen,0.6931471805599453
