lemma,shannon
der,1.5494634771098952
sein,1.0397207708399179
ein,1.1699929969668565
kontinuierlich,0.6931471805599453
werden,1.2130075659799042
dies,1.4451858789480823
effektiv,0.6931471805599453
bestehen,0.6931471805599453
können,0.6365141682948128
technisch,0.6931471805599453
ermöglichen,0.6365141682948128
viel,0.6931471805599453
bestimmt,0.6365141682948128
geeignet,0.6931471805599453
rechtlich,0.6931471805599453
stellen,0.6931471805599453
klinisch,0.6931471805599453
