lemma,shannon
measuer,0.6365141682948128
der,0.6931471805599453
approach,0.6931471805599453
