lemma,shannon
der,1.5913587839873191
interdisziplinär,1.0042424730540764
ein,1.3014673580860012
systematisch,0.6365141682948128
sein,1.242453324894
werden,0.9110175397125628
möglich,0.6931471805599453
verschieden,0.6365141682948128
können,0.5623351446188083
solch,0.6365141682948128
zeigen,1.0986122886681096
dies,0.6829081047004717
sollen,0.6365141682948128
relevant,0.6931471805599453
hochwertig,0.6365141682948128
wichtig,0.6931471805599453
klinisch,0.6931471805599453
