lemma,shannon
ein,1.415277974646454
prädiktiv,0.5623351446188083
der,1.3772940006169445
haben,0.6365141682948128
entwickeln,0.5623351446188083
werden,0.6869615765973234
dies,1.0821955300387671
können,1.0397207708399179
unterschiedlich,0.6931471805599453
sein,0.9556998911125343
medizinisch,0.6931471805599453
potenziell,0.6365141682948128
ermöglichen,0.6365141682948128
geeignet,0.6931471805599453
ihr,0.6931471805599453
weit,0.6365141682948128
wichtig,0.6365141682948128
