lemma,shannon
der,1.6081670272821387
medizinisch,0.9433483923290391
haben,0.6931471805599453
ermöglichen,0.6365141682948128
sein,0.6829081047004717
ein,1.0547209169068121
dies,0.9164648855394713
erheblich,0.6931471805599453
werden,0.45056120886630463
umfassend,0.6931471805599453
gemeinsam,0.6931471805599453
wir,0.6931471805599453
welch,0.6931471805599453
können,0.6730116670092565
erreichen,0.6931471805599453
