lemma,shannon
dies,1.5229550675313184
werden,1.1491523765330234
der,1.6217053350851844
sein,1.2798542258336676
ein,0.9002560512685369
ander,0.6931471805599453
öffentlich,0.6931471805599453
spielen,0.6931471805599453
verschieden,0.6365141682948128
viel,0.6931471805599453
übernehmen,0.6365141682948128
müssen,1.3862943611198906
können,0.5623351446188083
haben,1.0397207708399179
relevant,0.6931471805599453
