lemma,shannon
der,1.661207367837341
dies,1.5047882836811908
bestehen,0.6931471805599453
ein,1.1806964403653148
werden,0.9174021803627407
können,0.9184277849930976
sein,1.1569876443452742
geben,0.5623351446188083
zeigen,0.6365141682948128
möglich,0.5623351446188083
stellen,0.6365141682948128
ander,0.6365141682948128
sprachlich,0.6931471805599453
künstlich,0.7356219397587946
wichtig,0.5623351446188083
groß,0.6931471805599453
