lemma,shannon
der,1.638054170925211
adaptiv,0.6730116670092565
sein,1.2130075659799042
werden,0.944765368086837
ein,1.710493230055004
regulatorisch,0.5004024235381879
dies,0.6931471805599453
können,0.6931471805599453
therapeutisch,0.6365141682948128
ander,0.5623351446188083
führen,0.6931471805599453
verschieden,0.6931471805599453
hochkomplex,0.6931471805599453
produzieren,0.6931471805599453
antigenpräsentierend,0.6931471805599453
immunsuppressiv,1.0986122886681096
