lemma,shannon
der,1.5306705275195556
werden,0.8259567010149779
ein,1.3605138827424867
sein,0.6829081047004717
jung,0.6365141682948128
dies,1.277034259466139
aktuell,0.6931471805599453
unterschiedlich,0.5004024235381879
richten,0.6931471805599453
spezifisch,0.6365141682948128
verschieden,0.6829081047004717
weit,0.6365141682948128
erreichen,0.6931471805599453
sollen,0.6365141682948128
nutzen,0.6365141682948128
aufklären,0.6931471805599453
gezielt,0.6931471805599453
