lemma,shannon
der,1.5944043922533657
ein,1.1973401339967784
werden,0.8000458530531239
dies,0.5004024235381879
alle,1.0986122886681096
sein,0.6791932659915256
stark,0.6931471805599453
hoch,1.242453324894
verschieden,0.6365141682948128
beeinflussen,0.6365141682948128
wirtschaftlich,0.6931471805599453
wichtig,1.0986122886681096
ander,0.5623351446188083
individuell,1.0397207708399179
allgemein,0.6931471805599453
bringen,0.6931471805599453
politisch,0.6365141682948128
