lemma,shannon
der,1.5331647941628728
werden,1.1203674513771107
wichtig,0.9502705392332347
solch,0.6931471805599453
verschieden,0.5004024235381879
sein,0.9002560512685369
können,0.8815322611881637
ein,1.2634794940650305
binär,1.3296613488547582
dies,1.236684869140504
ethisch,0.6365141682948128
gut,0.6365141682948128
bestehen,0.6931471805599453
führen,0.5004024235381879
juristisch,0.6931471805599453
angemessen,0.6931471805599453
