lemma,shannon
dies,0.9950269901795212
stellen,0.6931471805599453
der,1.5249218745367739
führen,1.0986122886681096
ein,1.3579778549873245
geben,0.6931471805599453
weltweit,0.6931471805599453
viel,0.6931471805599453
adäquat,1.0986122886681096
werden,1.3268016157117275
haben,0.6365141682948128
sein,1.4985690796770057
stark,0.6365141682948128
können,0.6365141682948128
effektiv,0.6365141682948128
wichtig,0.6931471805599453
speziell,0.6365141682948128
alle,0.6931471805599453
