lemma,shannon
der,1.7279770218041128
dies,1.5047882836811908
medizinisch,0.30463609734923813
werden,1.3138643766624172
wichtig,1.0549201679861442
ein,1.4867164527252743
sein,1.2805340475238804
erforderlich,0.6365141682948128
können,0.6365141682948128
möglich,0.5623351446188083
vollständig,0.6931471805599453
alle,0.5982695885852573
haben,0.6931471805599453
sorgfältig,0.6365141682948128
potenziell,0.6365141682948128
eng,0.6365141682948128
geben,0.6931471805599453
