lemma,shannon
der,1.6734698360266391
dies,1.2730283365896256
ein,1.6453483530817463
sein,1.8636799873410004
ander,0.6931471805599453
werden,1.072016968563193
neu,0.6931471805599453
viel,0.6931471805599453
medizinisch,0.6730116670092565
haben,0.6931471805599453
können,0.6931471805599453
unterschiedlich,0.6931471805599453
wissenschaftlich,0.6931471805599453
bieten,0.6931471805599453
verschieden,0.5623351446188083
sollen,0.6931471805599453
objektiv,0.6931471805599453
