lemma,shannon
der,1.6186096228384679
dies,1.5472867333409472
betonen,0.5623351446188083
selten,0.8239592165010823
deutsch,0.5004024235381879
haben,0.6931471805599453
verschieden,0.6365141682948128
werden,0.9701157839869381
sein,0.5297061990576545
ein,1.2868726303980162
führen,0.6931471805599453
digital,1.0549201679861442
standardisiert,0.5623351446188083
vorstellen,0.6931471805599453
weit,0.6365141682948128
wichtig,0.6931471805599453
