lemma,shannon
der,1.647336181861603
werden,1.2105578441774711
dies,1.240684291953396
sein,1.2798542258336676
ein,1.3219700745167633
jung,0.6365141682948128
haben,1.0114042647073516
erst,0.5623351446188083
zeigen,0.6931471805599453
psychisch,0.6931471805599453
besonder,0.6931471805599453
zusätzlich,0.6365141682948128
wichtig,0.6365141682948128
ermöglichen,1.0986122886681096
niedrigschwellig,0.6931471805599453
ihr,1.0397207708399179
