lemma,shannon
der,1.3221420015936607
ein,1.5498260458782016
müssen,0.6931471805599453
werden,0.9556998911125343
geistig,0.6931471805599453
dies,1.2554823251787535
können,1.0397207708399179
groß,0.6931471805599453
haben,0.6931471805599453
