lemma,shannon
sein,1.242453324894
ein,1.6434177197931799
der,1.535171942093506
langfristig,0.6931471805599453
gehen,0.6931471805599453
dies,1.3862943611198906
liegen,0.5623351446188083
deutlich,0.6365141682948128
werden,0.9002560512685369
Erwachsene,0.6931471805599453
ihr,0.6931471805599453
