lemma,shannon
der,1.5550605069875014
ein,1.4964159349401391
ärztlich,0.5623351446188083
werden,1.0549201679861442
besonder,0.6365141682948128
dies,0.6931471805599453
geben,0.6931471805599453
kein,0.6931471805599453
ambulant,0.6365141682948128
interdisziplinär,1.0986122886681096
