human,continue,explain,create
,0.04514851485148515,,0.02480916030534351
,0.05458176170401598,,0.02640704187783409
,0.060549973558963514,0.036211699164345405,0.08205635195254572
,,0.0466825951111928,0.01668726823238566
,,0.046072974644403214,0.02585944630362032
,0.019658119658119658,,
,0.057318321392016376,,0.01947015639961698
,,0.1221347331583552,0.02490886998784933
,,,0.0448071691470635
