human,continue,explain,create
,,0.018005540166204988,
,0.026113671274961597,0.016467065868263474,0.014354066985645933
,0.012903225806451613,,0.027777777777777776
,,0.013447432762836185,
,,0.01903114186851211,0.015736766809728183
,0.0202808112324493,,
0.0009345794392523365,0.022265246853823813,0.0199764982373678,
,0.01726844583987441,,
,,0.018018018018018018,
