gpt,human
0.9101307189542484,0.8113821138211382
0.8872180451127819,0.8300248138957816
0.851528384279476,0.8530670470756063
0.9017543859649124,0.7951388888888888
0.8890977443609023,0.7937384898710865
0.8884758364312267,0.8413284132841329
0.8637770897832817,0.7984496124031008
0.8970358814352574,0.8459167950693375
0.9049919484702094,0.8405103668261563
0.8476702508960573,0.7978723404255319
