gpt,human
18.0281771978022,19.31768463073852
20.153432203389837,19.44995535714285
14.811742855840665,19.99583398795496
18.380769230769232,18.085505376344088
15.348491735537188,17.344108224525506
21.319824929971997,20.99286319612591
12.901451149425284,15.37296905222437
15.016416330645164,18.108560455192038
17.647283895796328,17.940718587746623
16.8969375,12.506247785766384
