gpt,human
18.641214285714288,16.632574850299395
20.127627118644067,17.35505952380952
17.593456998313652,15.173399668325043
16.532307692307693,16.260387096774192
15.036611570247938,15.408695652173916
22.11470588235294,15.23847457627118
13.171388888888888,12.864371373307542
16.508819444444438,14.313585585585583
17.07978685612788,13.802093457943926
15.833416666666668,11.622231947483588
