gpt,human
0.5057539593448905,0.7685796071512123
0.5725435752118487,1.2730575748450068
0.9848601701376308,0.8173640343048519
0.4371741574369368,0.982536847295036
0.5573357394276959,1.1325219056350255
0.506968799525906,0.9163175305266672
0.6418868898013471,1.1059211348765088
0.5198703369921867,0.9360875573280794
0.9618696079740297,0.8993658486431765
0.3655568010579299,0.6882075363355408
