gpt,human
2.755165254467742,3.162981445837721
3.010228205795408,3.216616541160218
2.188819279535357,3.207535305890904
2.638552522163488,3.1032993921474312
2.6917060582268757,3.165733455308805
2.836800120319122,3.6060444254043778
2.9875339447145244,3.230651328263764
2.639178936109409,3.096849816348162
2.659044312110032,3.0908801975518534
2.874238464999588,2.9632850996981346
