gpt,human
0.6872852233676976,0.0
0.8236390753169277,0.0
0.425311203319502,0.0
0.0614353532532812,0.0
0.1021988231650665,0.0
0.0693488618316569,0.0
0.874831035414977,0.0
0.6000993541977149,0.0
0.3123891563212566,0.0
0.0584689572031344,0.0158238734090127
