gpt,human
0.7432498772704959,0.0284757118927973
0.8365026099925429,0.0107128141738772
0.4476717381281697,0.0
0.1401843060597598,0.0519323671497584
0.1647568906782285,0.0117916803144448
0.2207517204870301,0.0
0.908353609083536,0.0247568523430592
0.6907600596125186,0.075
0.5312895870281227,0.02141021981159
0.1467751657625075,0.0567595459236326
