gpt,human
35.412747252747266,32.349436127744525
17.385237288135613,35.656264285714315
40.62726402625225,40.496732128829535
32.55769230769235,33.79223118279572
45.01987603305787,45.80943330192488
10.718249299719927,27.074322033898312
49.05312500000002,55.90634090909092
37.72252016129036,39.9971266002845
33.20916111604504,41.62320612668745
31.605000000000015,51.64513493800146
