gpt,human
15.543956043956044,18.15928143712575
19.94847457627119,17.716285714285714
14.977421266122784,18.731221087544736
17.70769230769231,17.903225806451612
15.576859504132234,16.781208776416747
22.007843137254905,22.045036319612592
14.472605363984677,14.208471953578336
16.46003584229391,19.32385016595543
17.411752516281826,17.272066458982348
18.766666666666666,14.569094508700635
