gpt,human
0.0,0.0016260162601626
0.0050125313283208,0.0074441687344913
0.0014556040756914,0.007132667617689
0.0017543859649122,0.0052083333333333
0.0263157894736842,0.0441988950276243
0.0223048327137546,0.0018450184501845
0.0092879256965944,0.013953488372093
0.0078003120124804,0.0030816640986132
0.0161030595813204,0.0271132376395534
0.0,0.0
