gpt,human
0.0098039215686274,0.016260162601626
0.0225563909774436,0.0186104218362282
0.0014556040756914,0.014265335235378
0.0122807017543859,0.0138888888888888
0.0112781954887218,0.007366482504604
0.0074349442379182,0.018450184501845
0.0108359133126934,0.0093023255813953
0.0187207488299532,0.0184899845916795
0.001610305958132,0.0079744816586921
0.0125448028673835,0.0248226950354609
