gpt,human
0.1258169934640522,0.1073170731707317
0.1215538847117794,0.1315136476426799
0.1135371179039301,0.12981455064194
0.1403508771929824,0.0954861111111111
0.131578947368421,0.1307550644567219
0.1078066914498141,0.1236162361623616
0.1300309597523219,0.0914728682170542
0.1170046801872074,0.1448382126348228
0.1417069243156199,0.1004784688995215
0.1164874551971326,0.1099290780141844
