gpt,human
0.0294117647058823,0.0308943089430894
0.0275689223057644,0.0372208436724565
0.0160116448326055,0.0313837375178316
0.0105263157894736,0.0538194444444444
0.0281954887218045,0.0460405156537753
0.0260223048327137,0.029520295202952
0.0386996904024767,0.0356589147286821
0.0327613104524181,0.0323574730354391
0.0177133655394524,0.0207336523125996
0.010752688172043,0.0319148936170212
