gpt,human
0.034313725490196,0.0390243902439024
0.0175438596491228,0.0111662531017369
0.0218340611353711,0.0114122681883024
0.0228070175438596,0.0225694444444444
0.0131578947368421,0.005524861878453
0.020446096654275,0.014760147601476
0.0046439628482972,0.0155038759689922
0.0171606864274571,0.0107858243451463
0.0128824476650563,0.0127591706539074
0.021505376344086,0.0177304964539007
