gpt,human
0.1062091503267973,0.1154471544715447
0.087719298245614,0.0893300248138957
0.0858806404657933,0.0784593437945791
0.0578947368421052,0.0850694444444444
0.1015037593984962,0.0957642725598526
0.1301115241635687,0.1033210332103321
0.0634674922600619,0.0868217054263565
0.0842433697347894,0.086286594761171
0.1175523349436392,0.1228070175438596
0.1164874551971326,0.0797872340425532
