gpt,human
0.2303571428571428,0.4491017964071856
0.3022598870056497,0.5074404761904762
0.3709949409780775,0.4411276948590381
0.4096153846153846,0.513978494623656
0.4256198347107438,0.5102974828375286
0.3865546218487395,0.4788135593220339
0.1753472222222222,0.4622823984526112
0.3246527777777778,0.4036036036036036
0.3214920071047957,0.5046728971962616
0.4479166666666667,0.4135667396061269
