gpt,human
0.4705782730092184,0.4695382278653814
0.4724806148495063,0.4938365575381232
0.4776822092921164,0.472911881107306
0.4873038595562519,0.475485983696768
0.4727029348667987,0.4259375044869253
0.4752947175759245,0.4442601098464205
0.4426413979361885,0.427877031982865
0.462088460453561,0.457783751339511
0.4429827166420019,0.4534373692327414
0.4570526940591332,0.4344889269321334
