gpt,human
0.0704722563804317,0.0525641567631886
0.0592258444681578,0.0756319993835954
0.1018118935052103,0.0510841226573659
0.0547524856520508,0.0758246080191525
0.0544018438807749,0.0700540404216794
0.0560490959458166,0.051447872848648
0.0607669166000056,0.0564828285422886
0.0537579879894069,0.0556553317151592
0.1197099435724246,0.0568411517301937
0.0589302390068592,0.0871829176893379
