gpt,human
9.615384615384617,11.5
10.733333333333333,10.8
6.891891891891892,11.578947368421051
10.75,10.444444444444445
8.136363636363637,8.823529411764707
11.857142857142858,11.928571428571429
6.896551724137931,7.45
7.741935483870968,10.052631578947368
9.416666666666666,9.0
8.9,5.714285714285714
