gpt,human
0.9024023761351904,0.817229364067316
0.9147175954920904,0.8391631815744482
0.6435769711221967,0.8468345824409934
0.9068055119779376,0.7215940856840461
0.8433288611471653,0.6872411544124285
0.8939196718366522,0.8454224814971288
0.8281179357458044,0.7298932804001702
0.8469087080708866,0.7844943640863195
0.8305165137756955,0.7650965387001634
0.8490962617927127,0.7273050766242178
