gpt,human
6.159612682820801,11.20639698267616
4.758150901348127,11.618330344761247
8.102340290833181,13.415788441287566
8.23407554009556,14.686539566706804
7.948699150289824,18.842270082676134
5.3214152551234255,14.51810973247143
6.382757689226632,14.633096049708689
5.097590787993033,13.640415749831632
11.825041108690584,13.847605310648705
4.929503017546495,10.169537901683972
