gpt,human
21.53846153846154,27.83333333333333
23.6,26.88
16.027027027027028,31.73684210526316
26.0,25.83333333333333
22.0,25.705882352941178
22.666666666666668,33.714285714285715
19.86206896551724,25.85
18.580645161290324,29.210526315789476
23.45833333333333,29.72222222222222
24.0,21.761904761904763
