gpt,human
1.017543811422027,1.0060513872894152
1.2764947233605302,0.9946878730088572
0.9874989630675264,0.8794235027981228
1.0741705896277842,1.0518437638277347
0.9688210184028132,0.8811643593067163
1.242611097173158,1.078570878212359
0.9211521543554928,0.7779573082681804
1.0961654875253402,1.0049790823340066
1.1506753546591486,0.9828363716263062
1.0968388922515264,0.9211760045395172
