gpt,human
3.1082710390248813,3.0379779201612176
3.633050342273304,3.2123805944748365
3.3138202656503544,3.005651394291739
3.2760110684657437,3.1384398356011314
3.576972618359318,3.450614262716916
3.467501094058894,3.156091382138709
3.1211704930864603,2.884458867745865
3.467948324528095,3.3166595394720635
3.381040277464357,3.06770714809541
3.087659549408833,2.770964814913249
