gpt,human
6.0910714285714285,5.696606786427146
6.323446327683616,5.825892857142857
5.993254637436762,5.42620232172471
5.6923076923076925,5.647311827956989
5.473140495867769,5.503432494279176
6.670168067226891,5.427966101694915
5.180555555555555,5.06963249516441
5.765625,5.293693693693694
5.80639431616341,5.20373831775701
5.589583333333334,4.894967177242888
