gpt,human
0.0510554737358861,0.0223338916806253
0.0093214019388516,0.0144210960032962
0.0092208390963577,0.0088452088452088
0.0547333147165596,0.0181159420289855
0.0185816042118302,0.0114641336390435
0.0476442562202223,0.0078789788843365
0.0259529602595296,0.013262599469496
0.0268256333830104,0.0163043478260869
0.0425639726374461,0.0114187838995147
0.0464135021097046,0.0144478844169246
