gpt,human
0.0427098674521354,0.0251256281407035
0.0251677852348993,0.0148331273176761
0.045182111572153,0.011056511056511
0.060597598436191,0.0217391304347826
0.0284917931248064,0.014739600393056
0.0254102699841185,0.0085092971950835
0.032441200324412,0.0159151193633952
0.0198708395429706,0.0141304347826086
0.0291360526982518,0.0077076791321724
0.0343580470162748,0.0154798761609907
