lemma,shannon
der,1.227013414834669
haben,0.9110175397125628
ich,0.5623351446188083
wollen,0.6365141682948128
mein,0.6931471805599453
ein,1.3296613488547582
erhalten,0.6931471805599453
sein,1.4828233757680687
finden,0.6931471805599453
ihr,1.2798542258336674
impfen,0.6365141682948128
können,1.0114042647073516
beitragen,0.6931471805599453
