lemma,shannon
der,1.706246173807368
ein,1.4681399390162087
bleiben,0.6931471805599453
sollen,0.6365141682948128
sein,1.6417347121875212
neu,0.6931471805599453
werden,1.0986122886681096
können,0.6365141682948128
haben,0.5623351446188083
du,1.0397207708399179
gut,0.6931471805599453
dies,1.0986122886681096
er,0.8675632284814612
wir,0.5623351446188083
sehen,0.6931471805599453
