lemma,shannon
er,0.6365141682948128
sein,1.4716894806250582
der,1.2119150516405244
für,0.5623351446188083
italienisch,0.6931471805599453
ein,1.3296613488547582
haben,0.9556998911125343
werden,1.0549201679861442
erst,0.5623351446188083
gut,0.6365141682948128
stark,0.6931471805599453
spielen,0.6931471805599453
sollen,0.6931471805599453
