lemma,shannon
der,1.6474999141388231
haben,0.6365141682948128
ein,1.4001005288598083
kommen,0.6931471805599453
sein,1.3579778549873245
können,1.242453324894
erklären,0.6365141682948128
ständig,0.5004024235381879
lang,0.5623351446188083
möglich,0.6365141682948128
werden,1.0986122886681096
dies,0.6365141682948128
stark,0.6931471805599453
ander,0.5623351446188083
eigen,0.6931471805599453
wir,0.6730116670092565
müssen,1.0397207708399179
