lemma,shannon
der,1.097492931164122
schwierig,0.6931471805599453
ihr,0.6365141682948128
haben,0.6931471805599453
sie,0.6931471805599453
alle,0.5297061990576545
werden,0.6829081047004717
begrenzt,0.5004024235381879
dies,0.6931471805599453
sein,0.45056120886630463
können,0.5623351446188083
appellieren,0.5623351446188083
groß,0.6931471805599453
