lemma,shannon
der,1.5544696442724488
sichern,1.0900596587107838
ein,1.1648213767244648
können,0.5982695885852573
werden,0.410116318288409
sein,0.936888307539016
müssen,0.45056120886630463
deutsch,0.6730116670092565
haben,0.5623351446188083
ihr,0.6931471805599453
erfolgreich,0.6931471805599453
