lemma,shannon
er,0.6365141682948128
beschreiben,0.6931471805599453
der,1.0053874327555714
sein,1.8407487285692812
ein,1.559581156259877
politisch,0.6365141682948128
haben,1.0986122886681096
betonen,0.6931471805599453
psychisch,0.6365141682948128
krank,0.6931471805599453
motiviert,0.6931471805599453
extremistisch,0.6931471805599453
be,0.6365141682948128
gefährlich,0.6931471805599453
