lemma,shannon
nehmen,0.6931471805599453
der,1.5560640267879475
kommen,0.6365141682948128
ein,1.351783994289646
sagen,0.5004024235381879
sein,1.1032634988483543
können,1.277034259466139
tief,0.6931471805599453
werden,1.242453324894
geben,0.9502705392332347
steigen,0.6931471805599453
haben,0.6931471805599453
aktuell,0.5623351446188083
sollen,0.6931471805599453
kein,0.6365141682948128
