lemma,shannon
der,1.4504658190074267
werden,0.45056120886630463
sein,0.8981370031878679
ein,1.1595697967390537
stark,0.5004024235381879
dies,0.6931471805599453
erfüllen,0.5004024235381879
können,0.6869615765973234
sehen,0.6365141682948128
haben,0.6365141682948128
