lemma,shannon
dies,0.6931471805599453
ein,0.5623351446188083
der,1.3447450723583105
werden,0.6172417697303416
sein,0.5623351446188083
intransparent,0.6931471805599453
kaufen,0.6931471805599453
entscheiden,0.6931471805599453
haben,0.6365141682948128
