lemma,shannon
der,1.5667573202150824
werden,1.3321790402101223
leben,0.6931471805599453
ihr,1.0986122886681096
haben,0.9502705392332347
er,0.410116318288409
sein,1.6924088629865501
ein,1.5047882836811908
machen,1.0397207708399179
du,0.6365141682948128
psychisch,0.6931471805599453
jung,0.6931471805599453
