lemma,shannon
ein,0.6730116670092565
der,1.433635152181184
verbessern,0.5623351446188083
setzen,1.0986122886681096
werden,0.6730116670092565
haben,0.6829081047004717
übernehmen,0.6365141682948128
müssen,0.5004024235381879
machen,0.6931471805599453
