lemma,shannon
sein,1.9036134557582967
der,1.5667003138544195
bleiben,0.6365141682948128
er,0.5505734282909343
ein,0.9839614460010255
werden,0.18490739916777568
