lemma,shannon
der,1.0601189359398382
geraten,1.0986122886681096
dies,0.9502705392332347
ihr,0.6931471805599453
ein,1.1209503926735833
müssen,1.3321790402101223
befreien,0.6931471805599453
werden,0.6365141682948128
haben,1.0986122886681096
ander,0.6365141682948128
sein,1.628619830332818
traurig,0.6931471805599453
finanziell,0.5982695885852573
können,0.6869615765973234
prüfen,0.6931471805599453
frühzeitig,0.6365141682948128
