lemma,shannon
ich,0.6441798059733927
der,1.5826741710455512
können,0.34883209584303193
ein,1.0888999753452238
verschieden,0.6730116670092565
haben,0.5623351446188083
sein,1.5367224694372192
neu,0.6931471805599453
gut,1.3321790402101223
mein,0.6931471805599453
günstig,0.6931471805599453
viel,0.5623351446188083
lernen,0.6365141682948128
umweltfreundlich,0.6931471805599453
wagen,0.6931471805599453
wichtig,0.6931471805599453
