lemma,shannon
der,1.5652282539948672
haben,1.0549201679861442
ein,1.464816384890813
sein,1.7670091910745693
kein,0.6931471805599453
gehen,1.0986122886681096
werden,0.6931471805599453
weiter,0.6365141682948128
bleiben,0.6931471805599453
er,0.7356219397587946
sagen,0.6931471805599453
möglich,0.6365141682948128
können,0.6931471805599453
gut,0.6931471805599453
