lemma,shannon
wir,0.4293230219306162
haben,0.8599672810355049
ein,1.320888343149322
sein,1.3229495110045284
der,1.52850620526561
können,1.0397207708399179
mein,1.3296613488547582
ich,0.6365141682948128
unser,1.0042424730540764
Sie|sie,0.6365141682948128
erst,0.6931471805599453
wenig,0.6931471805599453
entstehen,0.6931471805599453
ihr,0.6931471805599453
sehen,0.6931471805599453
