lemma,shannon
der,1.5892165413339143
haben,1.277034259466139
ein,1.0549201679861442
werden,1.0986122886681096
treffen,0.6931471805599453
erst,1.0397207708399179
sein,1.0549201679861442
besiegen,0.6931471805599453
mein,0.6931471805599453
dies,1.0397207708399179
reagieren,0.6931471805599453
