lemma,shannon
dies,0.6365141682948128
werden,1.4708084763221112
der,1.5465653173422942
sein,2.2672501822971305
ein,1.412744636863848
er,0.45056120886630463
kommen,0.6365141682948128
haben,0.9502705392332347
jung,1.15374194270109
politisch,1.3321790402101223
können,0.6931471805599453
viel,0.6931471805599453
sagen,0.6931471805599453
