lemma,shannon
ein,1.541976432762825
der,1.6934246794452164
sein,1.3208883431493221
er,0.410116318288409
können,0.6931471805599453
kein,0.6931471805599453
bringen,1.3862943611198906
dies,0.6931471805599453
kündigen,0.6365141682948128
haben,1.3296613488547582
neu,0.6931471805599453
ander,0.6931471805599453
kommen,0.6931471805599453
ich,0.6365141682948128
werden,0.45056120886630463
