lemma,shannon
dies,1.0986122886681096
deutsch,0.37677016125643675
der,1.2399341650306661
günstig,0.9743147528693494
ein,0.6365141682948128
sein,0.5623351446188083
führen,0.6931471805599453
profitieren,0.6365141682948128
werden,0.6730116670092565
momentan,0.6365141682948128
