lemma,shannon
der,1.3004464595106389
sein,1.2511559833636317
ein,1.2234905072645104
werden,0.5117400734174093
