lemma,shannon
sein,1.583258459420477
der,1.6265904794467874
acht,0.6365141682948128
neu,1.0821955300387673
ein,1.3114313374732374
klassisch,0.6931471805599453
geben,0.6365141682948128
alle,0.6931471805599453
entwickeln,0.6931471805599453
dies,0.6365141682948128
werden,1.15374194270109
beweisen,0.6931471805599453
haben,0.6931471805599453
elektrisch,0.6931471805599453
wir,0.6931471805599453
