lemma,shannon
können,0.6365141682948128
der,1.2286333662946134
führen,1.0397207708399179
ihr,0.6365141682948128
ein,0.5297061990576545
wichtig,0.6365141682948128
sollen,0.6730116670092565
betonen,0.6365141682948128
gut,0.5623351446188083
sein,1.0335620542068176
bleiben,0.5004024235381879
werden,0.5799151714181009
deklarieren,0.6931471805599453
nachhaltig,0.6365141682948128
sicher,0.6365141682948128
