lemma,shannon
sein,0.9164648855394713
der,1.1029927891439253
können,1.4184836619456567
deutlich,0.6931471805599453
ein,0.5623351446188083
möglich,0.5623351446188083
werden,0.6365141682948128
zeigen,0.5623351446188083
aktuell,0.6365141682948128
weltweit,0.6365141682948128
haben,0.6931471805599453
lassen,0.6931471805599453
stark,0.6931471805599453
