lemma,shannon
der,1.3116627371911496
ein,1.5498260458782016
langfristig,1.0986122886681096
sollen,0.6365141682948128
werden,0.5623351446188083
gemeinsam,1.0986122886681096
bedeuten,0.6931471805599453
wirtschaftlich,0.5623351446188083
wichtig,1.0397207708399179
sein,0.8675632284814612
können,0.6365141682948128
indirekt,0.6931471805599453
haben,0.6931471805599453
müssen,1.0397207708399179
verstärken,0.6931471805599453
bleiben,0.5623351446188083
auswirken,0.6365141682948128
