human,continue,explain,create
3.06770714809541,3.477942365309993,2.9781396860027436,3.4233981495042562
3.0085487564486884,3.1033277743180467,3.084646266151574,3.3153965516635835
3.4079809724705044,3.350386147750919,3.1774372337993286,3.5019564779639567
3.15282594170454,3.131016103902565,3.1988095084684467,3.273576296728491
3.0071173299109195,3.110498284961657,2.998608565086227,3.118119751402062
3.1948883070293506,3.3555841712458205,3.3846769192654205,3.407368567444343
3.297753176650242,3.4300311266434473,3.200576099859044,3.431482064486092
2.919815261994288,3.2820601030672827,3.0322793744324548,3.280981483313028
2.8727074701678497,3.1557614435009747,3.0547348890252257,3.247750540123268
3.1417506440714207,3.2688392282424803,3.0910356626881104,3.318822842379161
