lemma,shannon
der,1.7964746985217077
müssen,0.6931471805599453
spielen,0.6931471805599453
ein,1.712569033542074
beeindruckend,1.0986122886681096
werden,1.277034259466139
bringen,0.6365141682948128
sie,0.37677016125643675
weit,0.6931471805599453
sein,1.5047882836811908
ander,0.6931471805599453
machen,0.6365141682948128
gut,0.6365141682948128
ihr,1.0397207708399179
dies,1.5498260458782016
alle,0.6365141682948128
scheinen,0.6931471805599453
zeigen,0.6931471805599453
