lemma,shannon
der,1.71441629865683
sein,2.077830057527923
gut,0.5004024235381879
ein,1.4502523446634912
dies,1.720193459219825
werden,0.7963116401738131
haben,1.0397207708399179
er,0.9596147939120492
möglich,0.6931471805599453
sie,0.6730116670092565
ihr,0.9556998911125343
beginnen,0.6365141682948128
alle,1.0397207708399179
können,0.6365141682948128
zeigen,0.6931471805599453
wir,0.6365141682948128
unser,0.8675632284814612
viel,0.6931471805599453
ander,0.6931471805599453
