lemma,shannon
sein,1.4135723866567025
ein,1.2606188549247757
der,1.7693910706057037
haben,1.0397207708399179
ihr,1.4786258764929634
beeindruckend,0.6931471805599453
werden,1.286057336874379
können,1.0549201679861442
stellen,0.6931471805599453
modern,0.6365141682948128
dies,1.0986122886681096
unglaublich,0.6931471805599453
jemand,0.6931471805599453
bringen,0.6931471805599453
inspirieren,0.6931471805599453
