lemma,shannon
haben,0.8981370031878679
dies,0.936888307539016
der,1.7503587874338915
sein,2.1936146668338443
beweisen,0.6931471805599453
ein,1.412744636863848
brillant,0.6931471805599453
beeindruckend,1.0986122886681096
er,0.7963116401738131
zeigen,0.6365141682948128
defensiv,0.6365141682948128
stark,1.0986122886681096
gut,0.6931471805599453
können,0.6365141682948128
machen,0.6931471805599453
werden,0.6365141682948128
wichtig,0.6931471805599453
einzeln,0.6931471805599453
