lemma,shannon
der,1.713176541912296
sein,2.070024937273266
ein,1.267235545459896
werden,1.6094379124341003
sollen,0.6365141682948128
dies,1.240684291953396
haben,1.0549201679861442
ander,0.6931471805599453
können,1.351783994289646
fortsetzen,0.6931471805599453
stärken,0.6931471805599453
möglich,0.6931471805599453
lassen,0.6931471805599453
bleiben,0.6931471805599453
viel,0.6931471805599453
ihr,0.6931471805599453
wir,0.6829081047004717
unser,1.0397207708399179
