lemma,shannon
der,1.6573100200030575
ein,1.2831726480161034
neu,1.3321790402101223
sein,0.3250829733914482
dies,1.198849312913621
werden,0.7963116401738131
gemeinsam,0.6931471805599453
alle,1.0397207708399179
helfen,0.6931471805599453
europäisch,1.0114042647073518
wirtschaftlich,1.0397207708399179
ihr,1.3321790402101223
gesund,0.6931471805599453
können,1.351783994289646
nutzen,0.6931471805599453
stark,0.6931471805599453
weit,0.6931471805599453
haben,0.6931471805599453
