lemma,shannon
der,1.5870778699401418
ein,1.5054323465259494
sein,2.072367585136762
innovativ,1.0986122886681096
haben,1.0027182645175161
zahlreich,0.6931471805599453
ihr,0.6931471805599453
verlassen,0.6365141682948128
groß,1.0397207708399179
er,0.7029189307735104
ich,0.5623351446188083
können,0.6931471805599453
tief,0.6931471805599453
jed,0.6931471805599453
werden,1.6715952780212544
müssen,0.6931471805599453
wir,0.5623351446188083
dies,1.0397207708399179
