lemma,shannon
dies,1.0888999753452235
der,1.7048083029930639
viel,0.9502705392332347
haben,0.9556998911125343
besuchen,0.6931471805599453
können,1.0397207708399179
ein,1.3130105920403288
sein,1.3667110520552042
werden,0.9347698978582792
geben,0.6931471805599453
ihr,0.6931471805599453
eng,0.6931471805599453
bleiben,0.6931471805599453
neu,0.6931471805599453
zeigen,0.6365141682948128
