lemma,shannon
sein,1.830270353640052
haben,1.310783678099714
der,1.7345520607165898
ein,1.5270526643698825
er,0.8486855577264172
genau,0.6931471805599453
werden,1.6731183626432506
fordern,0.6365141682948128
medizinisch,0.6931471805599453
russisch,1.0986122886681096
politisch,0.6365141682948128
ihr,0.6365141682948128
westlich,0.6931471805599453
unabhängig,0.6365141682948128
viel,1.0986122886681096
dies,1.6094379124341005
weltweit,0.6365141682948128
