lemma,shannon
haben,1.2730283365896256
wir,0.6615632381579821
der,1.6751137613416336
er,0.25731864054383163
sein,2.056356198017961
bringen,1.0986122886681096
ein,1.4184836619456564
stark,0.6931471805599453
machen,0.6931471805599453
dies,1.310783678099714
neu,0.6931471805599453
werden,1.5229550675313184
ihr,1.0986122886681096
amerikanisch,0.6931471805599453
groß,0.6931471805599453
voll,0.6931471805599453
alle,0.6931471805599453
