lemma,shannon
der,1.7380760385943776
sein,1.925121190790818
ich,1.0239287996389363
dies,1.0986122886681096
ein,1.3831487512487415
kommen,0.6931471805599453
werden,1.0397207708399179
mein,1.277034259466139
unser,0.6931471805599453
wir,0.6869615765973234
afrikanisch,0.6931471805599453
lauschen,0.6931471805599453
bleiben,0.6931471805599453
haben,1.0986122886681096
letzt,0.6931471805599453
südafrikanisch,0.6931471805599453
sitzen,0.6931471805599453
ihr,0.6931471805599453
