lemma,shannon
der,1.7142797316321488
gut,0.6365141682948128
werden,1.3862943611198906
ich,0.6365141682948128
sein,1.9302607786357613
können,0.6730116670092565
ein,1.5465986860485126
positiv,0.5623351446188083
demokratisch,0.6931471805599453
dies,1.5607104090414063
wir,0.6730116670092565
haben,1.0361987848192837
schreiben,0.6931471805599453
sollen,0.6365141682948128
letzt,0.6365141682948128
sagen,0.6931471805599453
nah,0.6931471805599453
nominieren,0.6931471805599453
