lemma,shannon
der,1.5079316467972812
ihr,1.2798542258336674
sagen,0.6365141682948128
kein,1.0397207708399179
haben,1.1709971261162124
dies,1.0986122886681096
gehen,0.6931471805599453
ein,1.0720169685631928
werden,1.0549201679861442
sein,1.6957425341696346
können,0.6365141682948128
ich,0.639031859650177
mein,1.0397207708399179
wissen,1.0986122886681096
er,0.6931471805599453
fordern,0.6931471805599453
