lemma,shannon
wir,0.6365141682948128
haben,1.0789922078775833
werden,1.5810937501718236
ein,1.4446460691338838
der,1.7117953363147718
er,0.6730116670092565
sein,2.149391657840621
kommen,0.6931471805599453
teilen,0.6931471805599453
viel,0.5623351446188083
kosovarisch,0.6931471805599453
