lemma,shannon
sein,2.1535324566542537
der,1.440931510462966
portugiesisch,1.0986122886681096
viel,0.6931471805599453
haben,0.6365141682948128
ihr,0.6931471805599453
können,0.5623351446188083
ein,0.8486855577264172
nehmen,1.0986122886681096
neu,1.0986122886681096
treten,0.6365141682948128
dies,0.6365141682948128
finden,0.6931471805599453
