lemma,shannon
der,1.4008078492998473
haben,1.15374194270109
ein,0.7214636866925115
sein,1.7351264569629226
können,0.6365141682948128
werden,1.3296613488547582
kommen,0.6931471805599453
wir,0.6931471805599453
viel,0.6931471805599453
dies,0.6365141682948128
fragen,0.6931471805599453
weit,1.0986122886681096
er,0.6365141682948128
müssen,0.6931471805599453
zusätzlich,0.6931471805599453
