lemma,shannon
ein,1.4681399390162087
der,1.6759711474354815
wollen,0.5623351446188083
sein,1.7398385585424119
alle,0.6365141682948128
haben,1.3862943611198906
werden,0.8979457248567798
können,0.6365141682948128
müssen,0.6931471805599453
notwendig,0.6931471805599453
beide,0.6365141682948128
dies,0.6931471805599453
vorläufig,0.6931471805599453
sollen,0.6365141682948128
