lemma,shannon
der,1.3230811857871696
ein,1.5571130980576458
stark,1.0986122886681096
sein,1.8806581840187813
er,0.5004024235381879
gesamt,0.6931471805599453
dritt,0.6730116670092565
stehen,0.5623351446188083
werden,1.0397207708399179
erst,0.6931471805599453
haben,0.6931471805599453
fünft,0.6931471805599453
