human,continue,explain,create
,0.04514851485148515,,0.02480916030534351
,0.05458176170401598,,
,0.060549973558963514,0.036211699164345405,0.061789421651013345
,,0.0466825951111928,0.01668726823238566
,,0.026901669758812616,
,0.057318321392016376,,0.01947015639961698
,,0.1091863517060367,0.02490886998784933
,,,0.0224035845735317
