human,continue,explain,create
0.0,0.0,0.03532974427994617,0.0
0.0,0.0,0.11794418487182726,0.0
0.0,0.0,0.030774935113088618,0.0
0.03436041083099907,0.0,0.048574445617740235,0.013265704252828716
0.0,0.0,0.0,0.015548151673806123
0.0,0.015821152192605333,0.06560449859418932,0.0
0.0,0.01256018421603517,0.0,0.0
0.0,0.0,0.0,0.026515151515151516
0.0,0.0,0.0,0.0
0.0,0.0,0.0,0.0
