human,continue,explain,create
0.0,0.0,0.010767160161507403,0.0
0.0,0.0,0.05935092814749337,0.0
0.0,0.0,0.0,0.0
0.0,0.0,0.03952330668275758,0.008063467290935102
0.0,0.0,0.0,0.0
0.0,0.0,0.0288659793814433,0.0
0.0,0.01256018421603517,0.0,0.0
0.0,0.0,0.0,0.0
0.0,0.0,0.0,0.0
0.0,0.0,0.0,0.0
