human,continue,explain,create
0.0,0.0,0.0,0.0
0.0,0.0,0.0,0.0
0.0,0.0,0.006117908787541713,0.0
0.010644257703081233,0.0,0.005883240307738724,0.006762908050461699
0.0,0.0,0.0,0.0
0.0,0.013929492691315564,0.0,0.0
0.0,0.0,0.0,0.0
0.006429096252755327,0.0,0.0,0.0
0.0,0.0,0.0,0.0
0.00692707331152588,0.0,0.0,0.0
