human,continue,explain,create
0.0,0.0,0.03243501073217267,0.0
0.0,0.0,0.0,0.030548745992834244
0.0,0.0,0.0,0.055417700578990904
0.0,0.0,0.10874976067394218,0.0
0.0,0.052083333333333336,0.0,0.056096981221773236
0.0,0.0,0.023412443874278384,0.018193357309075522
0.0,0.0,0.0,0.0
0.0,0.0,0.0,0.0
0.0,0.0,0.0,0.028836251287332648
0.0,0.10436542353281295,0.0,0.0
