human,continue,explain,create
0.0,0.0,0.0,0.0
0.0,0.0,0.0,0.02337709045135767
0.0,0.0,0.0,0.0
0.02577830656355344,0.03546839140413102,0.0,0.0
0.0,0.0,0.0,0.0
0.0,0.0,0.0,0.0
0.0,0.013714285714285714,0.022838499184339316,0.0
0.0,0.0,0.0,0.0
0.0,0.0,0.0,0.0
0.0,0.0,0.01921598770176787,0.0
