human,continue,explain,create
0.0,0.0,0.0,0.0
0.0,0.0,0.0,0.0
0.0,0.0,0.07617977528089888,0.0
0.0,0.0,0.0,0.04786899013226958
0.0,0.0,0.0,0.01467645096731154
0.0,0.0,0.0,0.0
0.0,0.0,0.0,0.0
0.0,0.0,0.0,0.014988758431176618
0.008306414397784956,0.0,0.013374944271065538,0.0
0.0,0.0,0.0,0.0
