lemma,shannon
der,1.7257344676354878
sein,1.9503482014875597
ein,1.5306052420589422
traditionell,0.6931471805599453
dies,1.0579054247036734
werden,0.9556998911125343
modern,0.6931471805599453
haben,0.6365141682948128
stellen,0.6931471805599453
eigen,0.5623351446188083
verstehen,0.6931471805599453
wir,0.5623351446188083
ihr,1.329661348854758
unser,1.3862943611198906
