lemma,shannon
ein,1.5430293192600038
semiotisch,0.6365141682948128
spätmittelalterlich,0.5982695885852573
der,1.5767792556438334
ihr,0.6365141682948128
werden,1.2554823251787537
dies,1.4377014436429414
doppelt,0.6931471805599453
sein,1.6094379124341003
spielen,0.6931471805599453
narrativ,1.0397207708399179
unser,1.0397207708399179
wir,0.5982695885852573
literarisch,0.6365141682948128
sozial,0.6365141682948128
historisch,0.6931471805599453
neu,0.6365141682948128
