lemma,shannon
der,1.814610170428197
ein,1.7254141436400365
sein,1.6347589244440106
dies,1.4897503188505912
anspruchsvoll,0.6931471805599453
poetisch,0.6931471805599453
werden,1.242453324894
breit,0.6931471805599453
wir,0.6931471805599453
liegen,0.6365141682948128
können,0.6365141682948128
bieten,0.6931471805599453
umfassend,0.6931471805599453
bekannt,0.6931471805599453
geben,0.6365141682948128
