passed_quality_check,n_stop_words,alpha_ratio,mean_word_length,doc_length,top_ngram_chr_fraction_2,oov_ratio,pos_prop_PROPN,pos_prop_PUNCT,pos_prop_DET,pos_prop_VERB,pos_prop_NOUN,pos_prop_ADV,pos_prop_ADP,pos_prop_AUX,pos_prop_NUM,pos_prop_PRON,pos_prop_ADJ,pos_prop_PART,pos_prop_CCONJ,pos_prop_SCONJ,entropy,perplexity,per_word_perplexity,first_order_coherence,second_order_coherence,dependency_distance_mean,dependency_distance_std,prop_adjacent_dependency_relation_mean,prop_adjacent_dependency_relation_std,flesch_reading_ease,flesch_kincaid_grade,smog,gunning_fog,automated_readability_index,coleman_liau_index,lix,rix,token_length_mean,token_length_median,token_length_std,sentence_length_mean,sentence_length_median,sentence_length_std,syllables_per_token_mean,syllables_per_token_median,syllables_per_token_std,n_tokens,n_unique_tokens,proportion_unique_tokens,n_characters,n_sentences,connectives
True,189.0,0.9274193548387096,5.63508064516129,496.0,0.007701786814540973,0.018145161290322582,0.04838709677419355,0.07258064516129033,0.06653225806451613,0.1431451612903226,0.24193548387096775,0.02620967741935484,0.1431451612903226,0.024193548387096774,0.004032258064516129,0.05846774193548387,0.09879032258064516,0.024193548387096774,0.03225806451612903,0.016129032258064516,10.897027269816824,54015.55122943856,108.90232102709388,0.8566371412838206,0.853157252073288,2.788765678588476,0.5084405013230655,0.5055941876344175,0.07223563926126525,30.29611845325502,15.299530102790015,16.99224021665606,19.428095937347038,19.627851199216842,18.53955947136564,68.83455702398433,11.0,6.039647577092511,6.0,3.0844523941590243,25.22222222222222,25.5,5.883645464388323,1.7841409691629957,1.0,1.0053226354126668,454,278,0.6123348017621145,2795,18,8
