passed_quality_check,n_stop_words,alpha_ratio,mean_word_length,doc_length,top_ngram_chr_fraction_2,oov_ratio,flesch_reading_ease,flesch_kincaid_grade,smog,gunning_fog,automated_readability_index,coleman_liau_index,lix,rix,entropy,perplexity,per_word_perplexity,pos_prop_ADJ,pos_prop_NOUN,pos_prop_AUX,pos_prop_VERB,pos_prop_DET,pos_prop_ADP,pos_prop_PUNCT,pos_prop_PROPN,pos_prop_PART,pos_prop_CCONJ,pos_prop_SCONJ,pos_prop_ADV,pos_prop_PRON,first_order_coherence,second_order_coherence,token_length_mean,token_length_median,token_length_std,sentence_length_mean,sentence_length_median,sentence_length_std,syllables_per_token_mean,syllables_per_token_median,syllables_per_token_std,n_tokens,n_unique_tokens,proportion_unique_tokens,n_characters,n_sentences,dependency_distance_mean,dependency_distance_std,prop_adjacent_dependency_relation_mean,prop_adjacent_dependency_relation_std,connectives
True,137.0,0.8873239436619719,5.835680751173709,426.0,0.00944386149003148,0.011737089201877934,21.9365773809524,16.068723544973547,16.827784334635936,19.185449735449737,20.760753968253965,20.871534391534386,73.88955026455027,11.875,9.560465002647321,14192.444189557364,33.315596689101795,0.11267605633802817,0.29577464788732394,0.046948356807511735,0.13849765258215962,0.06103286384976526,0.1056338028169014,0.11267605633802817,0.023474178403755867,0.011737089201877934,0.035211267605633804,0.01643192488262911,0.023474178403755867,0.01643192488262911,0.852536125977834,0.8546440047877175,6.449735449735449,7.0,3.2184755065244497,23.625,22.0,10.367467144871982,1.902116402116402,2.0,0.9885298619858931,378,229,0.6058201058201058,2486,16,2.953389090806854,0.46832541174421016,0.4755273159467238,0.0765579258487413,11
