pos_prop_ADJ,pos_prop_NOUN,pos_prop_PUNCT,pos_prop_PROPN,pos_prop_NUM,pos_prop_ADV,pos_prop_VERB,pos_prop_PRON,pos_prop_ADP,pos_prop_DET,pos_prop_CCONJ,pos_prop_AUX,pos_prop_PART,pos_prop_SCONJ,pos_prop_X,first_order_coherence,second_order_coherence,passed_quality_check,n_stop_words,alpha_ratio,mean_word_length,doc_length,top_ngram_chr_fraction_2,oov_ratio,entropy,perplexity,per_word_perplexity,dependency_distance_mean,dependency_distance_std,prop_adjacent_dependency_relation_mean,prop_adjacent_dependency_relation_std,token_length_mean,token_length_median,token_length_std,sentence_length_mean,sentence_length_median,sentence_length_std,syllables_per_token_mean,syllables_per_token_median,syllables_per_token_std,n_tokens,n_unique_tokens,proportion_unique_tokens,n_characters,n_sentences,flesch_reading_ease,flesch_kincaid_grade,smog,gunning_fog,automated_readability_index,coleman_liau_index,lix,rix,connectives
0.08132530120481928,0.2469879518072289,0.12650602409638553,0.012048192771084338,0.015060240963855422,0.05421686746987952,0.08132530120481928,0.02108433734939759,0.10240963855421686,0.11746987951807229,0.03313253012048193,0.06325301204819277,0.018072289156626505,0.02108433734939759,0.006024096385542169,0.3616633236408234,0.37995133064932335,True,130.0,0.8614457831325302,5.897590361445783,332.0,0.008904719501335707,0.02710843373493976,4.395834130435934,81.11226075811321,0.24431403842805183,2.622452060458762,0.9654481298675597,0.4426800738840429,0.09529347745359015,6.606896551724138,6.0,3.915128133234375,13.80952380952381,16.0,6.1227059658839735,2.282758620689655,2.0,1.4441484701390621,290,205,0.7068965517241379,1958,21,-0.30304597701146463,16.732266009852214,15.84221448859012,19.868637110016422,16.5932446633826,20.905103448275863,55.87848932676519,5.809523809523809,5
