flesch_reading_ease,flesch_kincaid_grade,smog,gunning_fog,automated_readability_index,coleman_liau_index,lix,rix,entropy,perplexity,per_word_perplexity,dependency_distance_mean,dependency_distance_std,prop_adjacent_dependency_relation_mean,prop_adjacent_dependency_relation_std,pos_prop_ADJ,pos_prop_NOUN,pos_prop_PUNCT,pos_prop_PROPN,pos_prop_NUM,pos_prop_ADV,pos_prop_VERB,pos_prop_PRON,pos_prop_ADP,pos_prop_DET,pos_prop_CCONJ,pos_prop_AUX,pos_prop_SCONJ,pos_prop_PART,token_length_mean,token_length_median,token_length_std,sentence_length_mean,sentence_length_median,sentence_length_std,syllables_per_token_mean,syllables_per_token_median,syllables_per_token_std,n_tokens,n_unique_tokens,proportion_unique_tokens,n_characters,n_sentences,passed_quality_check,n_stop_words,alpha_ratio,mean_word_length,doc_length,duplicate_ngram_chr_fraction_5,duplicate_ngram_chr_fraction_6,duplicate_ngram_chr_fraction_7,duplicate_ngram_chr_fraction_8,duplicate_ngram_chr_fraction_9,duplicate_ngram_chr_fraction_10,top_ngram_chr_fraction_2,top_ngram_chr_fraction_3,oov_ratio,first_order_coherence,second_order_coherence,connectives
0.7900000000000205,16.875555555555554,16.48601715928492,20.57777777777778,17.313000000000002,21.23066666666666,57.22222222222222,6.333333333333333,6.351087997335689,573.115918519444,1.134883006969196,2.8347712349253933,0.8501365829187983,0.44446313276536403,0.1023465916536567,0.09504950495049505,0.24554455445544554,0.10891089108910891,0.031683168316831684,0.015841584158415842,0.0594059405940594,0.07524752475247524,0.02178217821782178,0.10495049504950495,0.14653465346534653,0.031683168316831684,0.04356435643564356,0.009900990099009901,0.009900990099009901,6.633333333333334,6.0,4.122701379758988,15.0,15.0,6.016643582596529,2.2555555555555555,2.0,1.4372899739216867,450,231,0.5133333333333333,3040,30,True,194.0,0.8752475247524752,6.01980198019802,505.0,0.0825451418744626,0.0825451418744626,0.06649469762109488,0.043565491544855256,0.043565491544855256,0.043565491544855256,0.018916595012897677,0.014903983949555747,0.02178217821782178,0.4825536320949423,0.47302581030609353,13
