pos_prop_ADP,pos_prop_DET,pos_prop_NOUN,pos_prop_AUX,pos_prop_ADJ,pos_prop_VERB,pos_prop_PUNCT,pos_prop_SCONJ,pos_prop_ADV,pos_prop_PRON,pos_prop_X,pos_prop_CCONJ,pos_prop_PROPN,pos_prop_PART,pos_prop_NUM,first_order_coherence,second_order_coherence,passed_quality_check,n_stop_words,alpha_ratio,mean_word_length,doc_length,duplicate_ngram_chr_fraction_5,top_ngram_chr_fraction_2,top_ngram_chr_fraction_3,oov_ratio,entropy,perplexity,per_word_perplexity,dependency_distance_mean,dependency_distance_std,prop_adjacent_dependency_relation_mean,prop_adjacent_dependency_relation_std,token_length_mean,token_length_median,token_length_std,sentence_length_mean,sentence_length_median,sentence_length_std,syllables_per_token_mean,syllables_per_token_median,syllables_per_token_std,n_tokens,n_unique_tokens,proportion_unique_tokens,n_characters,n_sentences,flesch_reading_ease,flesch_kincaid_grade,smog,gunning_fog,automated_readability_index,coleman_liau_index,lix,rix,connectives
0.11144578313253012,0.13253012048192772,0.2319277108433735,0.0783132530120482,0.1355421686746988,0.06325301204819277,0.09337349397590361,0.018072289156626505,0.07228915662650602,0.018072289156626505,0.0030120481927710845,0.018072289156626505,0.006024096385542169,0.0030120481927710845,0.015060240963855422,0.6333782962139916,0.6317775789648294,True,131.0,0.891566265060241,6.656626506024097,332.0,0.028708133971291867,0.007974481658692184,0.02751196172248804,0.0572289156626506,3.9683729307226314,52.89839143376506,0.15933250431856946,3.058443163393078,0.6680066410859665,0.4275494398602881,0.06765034280073001,7.26,6.0,4.096225905228698,16.666666666666668,16.0,5.185449728701348,2.533333333333333,2.0,1.4681810363696826,300,173,0.5766666666666667,2210,18,-24.401666666666614,20.803333333333338,18.946978176291534,25.06666666666667,21.097933333333337,25.112800000000004,64.66666666666667,8.0,4
