passed_quality_check,n_stop_words,alpha_ratio,mean_word_length,doc_length,duplicate_ngram_chr_fraction_5,duplicate_ngram_chr_fraction_6,top_ngram_chr_fraction_2,oov_ratio,pos_prop_DET,pos_prop_NOUN,pos_prop_AUX,pos_prop_ADP,pos_prop_NUM,pos_prop_PUNCT,pos_prop_ADJ,pos_prop_VERB,pos_prop_PROPN,pos_prop_PRON,pos_prop_PART,pos_prop_CCONJ,pos_prop_SCONJ,pos_prop_ADV,entropy,perplexity,per_word_perplexity,first_order_coherence,second_order_coherence,dependency_distance_mean,dependency_distance_std,prop_adjacent_dependency_relation_mean,prop_adjacent_dependency_relation_std,flesch_reading_ease,flesch_kincaid_grade,smog,gunning_fog,automated_readability_index,coleman_liau_index,lix,rix,token_length_mean,token_length_median,token_length_std,sentence_length_mean,sentence_length_median,sentence_length_std,syllables_per_token_mean,syllables_per_token_median,syllables_per_token_std,n_tokens,n_unique_tokens,proportion_unique_tokens,n_characters,n_sentences,connectives
True,175.0,0.9057471264367816,4.855172413793103,435.0,0.03361344537815126,0.03361344537815126,0.008003201280512205,0.020689655172413793,0.08045977011494253,0.22758620689655173,0.02528735632183908,0.11724137931034483,0.004597701149425287,0.09195402298850575,0.0735632183908046,0.13333333333333333,0.08275862068965517,0.05517241379310345,0.03218390804597701,0.03908045977011494,0.013793103448275862,0.022988505747126436,10.728704994020088,45647.53989635239,104.93687332494802,0.7936637927504147,0.7936638407409191,2.7964427588331104,0.5932906455975537,0.4853604972026024,0.09678953898668806,48.832564102564106,11.830769230769231,14.554592549557764,16.051282051282055,14.305948717948716,13.922461538461537,54.230769230769226,7.055555555555555,5.287179487179487,5.0,2.897317900932931,21.666666666666668,19.0,9.140872800534725,1.6076923076923078,1.0,0.9594027563620959,390,232,0.5948717948717949,2112,18,12
