lemma,shannon
der,2.010378960106285
sein,1.5810937501718236
dies,0.5004024235381879
werden,1.277034259466139
männlich,1.3321790402101223
biologisch,0.6365141682948128
zeigen,0.6931471805599453
klar,0.6931471805599453
extern,0.6931471805599453
