lemma,shannon
der,1.7103115314847794
doppelt,0.6931471805599453
ein,1.4735023850806486
klein,0.6931471805599453
narrativ,0.6365141682948128
sein,0.6365141682948128
ihr,1.0549201679861442
dies,1.1682824501765625
besonder,0.6931471805599453
tief,0.6931471805599453
kulturell,0.6931471805599453
dialektisch,0.6931471805599453
wir,0.6931471805599453
körperlich,0.6931471805599453
subtil,0.6931471805599453
