lemma,shannon
der,1.7283351148128079
moralisch,0.6931471805599453
sein,1.5607104090414063
übernehmen,0.6365141682948128
ein,1.6957425341696344
werden,0.6931471805599453
jen,1.0986122886681096
dies,1.0397207708399179
literarisch,0.6931471805599453
ihr,0.6931471805599453
bleiben,0.6931471805599453
