lemma,shannon
der,1.5503094886229005
haben,0.6365141682948128
ein,1.3208883431493221
stark,0.6931471805599453
narrativ,0.6730116670092565
dies,1.14370838942625
werden,1.3296613488547582
ihr,1.0114042647073516
literarisch,0.6931471805599453
sein,1.3321790402101223
klein,0.6365141682948128
sozial,1.277034259466139
sie,0.6365141682948128
spielen,0.6931471805599453
listig,0.6931471805599453
zentral,0.6931471805599453
