lemma,shannon
der,1.7325697341171118
sein,1.5292482930376912
ein,1.659104829419214
deutsch,1.0986122886681096
werden,1.310783678099714
zentral,1.0986122886681096
literarisch,0.6931471805599453
bedeutend,0.6931471805599453
erst,0.6365141682948128
dies,1.2945451658448959
haben,1.0986122886681096
vergessen,0.6931471805599453
jen,0.6365141682948128
wissenschaftlich,0.6931471805599453
sämtlich,0.6365141682948128
visuell,0.6931471805599453
