lemma,shannon
der,1.7350109251167865
werden,0.6365141682948128
ein,0.9002560512685369
können,1.0986122886681096
dies,1.2554823251787537
historisch,0.6931471805599453
sein,0.6365141682948128
ander,0.6931471805599453
verändern,0.6931471805599453
haben,0.6931471805599453
literarisch,0.6931471805599453
vermitteln,0.6931471805599453
machen,0.6931471805599453
tatsächlich,0.6931471805599453
destruktiv,0.6931471805599453
empirisch,0.6931471805599453
