human,continue,explain,create
0.0,0.01733181299885975,0.0,0.0
0.0,0.0,0.0,0.015918638072076056
0.0,0.0,0.10449438202247191,0.0
0.029286726499763816,0.0,0.0,0.04786899013226958
0.023820867079561697,0.0,0.0,0.04491883477874138
0.008318264014466547,0.0,0.0,0.0
0.028583438419503993,0.0,0.0,0.0
0.0,0.0,0.009678098043341047,0.04146889832625531
0.01222888786340563,0.0,0.0231832367365136,0.0
0.0,0.0,0.0,0.0
