lemma,shannon
müssen,0.6931471805599453
der,1.7354039876448157
sein,1.5795351987426685
können,0.6869615765973234
ein,1.5008045603553886
sollen,0.5982695885852573
finanziell,1.0042424730540764
ander,0.6931471805599453
werden,0.5297061990576545
welch,0.6931471805599453
wichtig,0.6365141682948128
eigen,0.5004024235381879
haben,0.6931471805599453
er,0.6931471805599453
