lemma,shannon
der,1.644644338721167
sein,1.5388340843440498
ein,1.465858632156742
natürlich,0.5623351446188083
groß,0.6931471805599453
bedeutend,0.6931471805599453
dies,1.277034259466139
haben,0.410116318288409
stark,1.0397207708399179
diversifiziert,0.6365141682948128
erheblich,0.6365141682948128
werden,0.6730116670092565
atemberaubend,0.6931471805599453
modern,0.6931471805599453
können,0.5004024235381879
sollen,0.6931471805599453
