lemma,shannon
der,1.685447923614343
machen,0.6931471805599453
haben,0.410116318288409
sie,0.5004024235381879
ein,1.0751393240053733
ihr,1.4490023958526383
werden,0.8675632284814612
sein,1.8939995267748593
ehrgeizig,0.6931471805599453
er,0.5623351446188083
dies,1.2130075659799042
gehen,0.6365141682948128
persönlich,0.6931471805599453
professionell,0.6931471805599453
