lemma,shannon
der,1.5868885755472881
sein,1.2366848691405041
ein,1.6307991045856434
groß,0.6931471805599453
wachsend,0.6365141682948128
viel,0.6730116670092565
dies,1.5571130980576458
können,0.9556998911125343
müssen,0.5004024235381879
ihr,0.6365141682948128
entsprechend,0.6931471805599453
setzen,0.6931471805599453
neu,0.6931471805599453
global,0.6365141682948128
bieten,0.6365141682948128
stark,0.6931471805599453
haben,0.6365141682948128
alle,0.6931471805599453
