lemma,shannon
lassen,0.6931471805599453
der,1.856861753962639
können,0.8486855577264172
haben,0.6931471805599453
ein,1.632782975881221
werden,0.8599672810355049
sein,1.1163670752893367
erfolgreich,0.5004024235381879
dies,1.5229550675313184
ihr,0.5623351446188083
lang,1.0986122886681096
neu,0.6365141682948128
modern,0.6931471805599453
rein,0.6931471805599453
sozial,0.6931471805599453
bieten,0.6365141682948128
alle,0.6931471805599453
