lemma,shannon
der,1.6807671017433035
haben,0.6869615765973234
ein,1.6429347500710287
innovativ,0.6931471805599453
lernen,0.5623351446188083
sein,1.771623955677366
effektiv,0.6931471805599453
dies,1.5047882836811908
technologisch,0.6931471805599453
lokal,1.0986122886681096
werden,1.1490596969706202
verpacken,0.6931471805599453
gehen,0.6931471805599453
neu,0.9502705392332347
zeigen,0.5623351446188083
wir,0.6365141682948128
können,0.6365141682948128
