lemma,shannon
der,1.7894668589827731
sein,2.016013771401332
ein,1.5367224694372195
dies,0.9502705392332347
kommen,0.6931471805599453
groß,0.6365141682948128
er,1.0986122886681096
werden,0.6931471805599453
schreiben,0.6931471805599453
haben,0.6931471805599453
erst,0.6931471805599453
lassen,0.6931471805599453
kein,0.6365141682948128
