lemma,shannon
dies,1.545422903193594
der,1.4995452920814043
aktuell,0.6931471805599453
standardisiert,0.6931471805599453
ihr,0.6730116670092565
kein,0.6365141682948128
ein,0.9368883075390159
sein,1.1269287948006759
bleiben,0.6931471805599453
betonen,0.6365141682948128
werden,0.6730116670092565
gesellschaftlich,0.6931471805599453
können,0.9556998911125343
viel,0.6365141682948128
müssen,0.5623351446188083
sollen,0.6931471805599453
