lemma,shannon
dies,1.3296613488547582
werden,0.6931471805599453
der,1.5339671317465762
wirtschaftlich,0.6931471805599453
welch,0.6931471805599453
sein,0.7356219397587946
ein,1.3624474851916286
zeigen,0.6931471805599453
alle,0.6365141682948128
finanziell,0.45056120886630463
sozial,0.6931471805599453
ihr,1.2130075659799042
beantworten,0.6931471805599453
haben,0.6365141682948128
