lemma,shannon
dies,1.4184836619456564
der,1.6911839670569915
ihr,1.0397207708399179
werden,0.8305178252872478
ein,1.6579939457749724
alle,1.0397207708399179
sein,1.6499886811375826
er,0.639031859650177
betonen,0.6931471805599453
bleiben,0.5623351446188083
neu,0.6365141682948128
treffen,0.6365141682948128
können,1.15374194270109
haben,0.6730116670092565
wirtschaftlich,1.0397207708399179
wichtig,0.6931471805599453
müssen,0.6931471805599453
