lemma,shannon
dies,1.2130075659799042
ein,1.6674619334292948
bekannt,0.6931471805599453
der,1.777081362596368
sein,1.7530555628957951
groß,0.6931471805599453
haben,0.5623351446188083
er,0.6001660731596457
führen,0.6931471805599453
werden,0.6365141682948128
ihr,0.6365141682948128
erfolgreich,1.0397207708399179
beruflich,0.6931471805599453
alle,0.6931471805599453
anspruchsvoll,0.6931471805599453
bleiben,0.6931471805599453
versuchen,0.6931471805599453
