lemma,shannon
der,1.8161016888650727
wirtschaftlich,0.6365141682948128
sein,1.470131920408841
haben,0.5623351446188083
weltweit,0.6365141682948128
ein,1.3095258353040693
nennen,0.6931471805599453
weit,0.6931471805599453
kasachisch,0.6730116670092565
dies,0.6365141682948128
groß,0.6931471805599453
bestehen,0.6365141682948128
kulturell,1.0397207708399179
können,0.6365141682948128
bieten,0.6931471805599453
politisch,0.6931471805599453
