lemma,shannon
dies,1.3592367006650063
der,1.6169919464856628
können,1.3321790402101223
werden,0.9002560512685369
müssen,1.0986122886681096
ein,1.3690391777047681
wichtig,0.6365141682948128
ökologisch,0.6931471805599453
geeignet,0.6931471805599453
groß,0.6931471805599453
machen,0.6931471805599453
sein,1.0986122886681096
sollen,0.6365141682948128
