lemma,shannon
dies,0.9002560512685369
der,1.7375692052676661
verschieden,0.6931471805599453
ihr,1.15374194270109
sein,2.0981473891350673
ein,1.5430293192600038
modern,0.6931471805599453
jed,0.6931471805599453
stark,0.6365141682948128
hoch,0.6931471805599453
unterschiedlich,1.0986122886681096
werden,0.6365141682948128
arbeiten,0.6931471805599453
gut,1.0397207708399179
drücken,0.6931471805599453
alle,0.6931471805599453
sehen,0.6365141682948128
