lemma,shannon
dies,1.1490596969706204
der,1.6579567605307162
Ihr|ihr,0.6365141682948128
werden,1.0888999753452235
ihr,1.2798542258336676
global,0.6365141682948128
sein,1.7478680974667573
verschieden,0.9502705392332347
betonen,0.6365141682948128
jung,0.9502705392332347
kulturell,0.5623351446188083
ein,1.2202821662722374
hoch,0.6931471805599453
welch,0.6365141682948128
zeigen,0.6931471805599453
alle,0.6931471805599453
stark,0.6931471805599453
