lemma,shannon
dies,1.0735428464085233
der,1.5323151420907473
ein,1.3690391777047681
finanziell,1.0986122886681096
sein,1.0928305535284886
sollen,0.6931471805599453
ihr,0.6365141682948128
viel,0.5004024235381879
selten,0.6931471805599453
werden,0.6869615765973234
können,1.0549201679861442
günstig,1.0397207708399179
müssen,0.6365141682948128
sicherstellen,0.6931471805599453
effizient,0.6931471805599453
steigend,0.6931471805599453
