lemma,shannon
der,1.8149093369165725
ein,1.6459168300174678
sein,1.6726254461503207
sorgfältig,0.6931471805599453
verschieden,0.5623351446188083
werden,1.377819508039033
spezifisch,0.6931471805599453
dies,1.3689223607402192
gut,0.6931471805599453
neu,1.0397207708399179
welch,0.6730116670092565
können,1.310783678099714
europäisch,0.5004024235381879
alle,0.6931471805599453
