lemma,shannon
der,1.4969623159265468
sprechen,0.6931471805599453
sein,1.8479008005090656
er,0.45056120886630463
neu,0.6365141682948128
dies,1.15374194270109
haben,0.5004024235381879
ihr,1.3296613488547582
groß,0.6931471805599453
ein,1.5808185358593017
weit,1.0986122886681096
asiatisch,0.6730116670092565
attraktiv,1.0986122886681096
exklusiv,0.6365141682948128
machen,0.6931471805599453
wichtig,0.6365141682948128
positiv,0.6365141682948128
