lemma,shannon
der,1.7726149682268704
chinesisch,0.6365141682948128
sein,1.614259427344131
ein,1.5173067399949574
technologisch,0.6931471805599453
nutzen,0.6931471805599453
persönlich,0.6931471805599453
werden,0.6931471805599453
dies,0.6931471805599453
alle,0.6931471805599453
geben,0.6931471805599453
stellen,0.6931471805599453
tief,0.6931471805599453
ihr,0.6931471805599453
