lemma,shannon
der,1.7789312974368319
werden,1.0888999753452235
ein,1.6300005591616533
sein,1.559581156259877
groß,0.6931471805599453
haben,0.6365141682948128
gut,1.0986122886681096
weit,0.6931471805599453
ihr,0.6365141682948128
können,0.5982695885852573
dies,1.277034259466139
müssen,0.37677016125643675
bieten,0.45056120886630463
neu,0.6365141682948128
kreativ,0.6931471805599453
attraktiv,0.6931471805599453
schaffen,0.6931471805599453
lokal,0.6931471805599453
