lemma,shannon
dies,0.5623351446188083
der,1.7315007475291542
grün,0.6365141682948128
werden,0.5004024235381879
ein,1.1490596969706204
betonen,0.6365141682948128
fordern,0.6931471805599453
einige,0.6931471805599453
sein,0.6365141682948128
ihr,1.0114042647073518
haben,0.6365141682948128
versuchen,0.6931471805599453
ander,0.6931471805599453
stellen,0.6931471805599453
