lemma,shannon
der,1.724001917283176
sein,1.710493230055004
ein,1.236684869140504
enorm,1.0397207708399179
haben,1.0042424730540764
dies,1.4708084763221112
etablieren,0.6365141682948128
werden,0.7963116401738131
chinesisch,0.6365141682948128
können,0.6931471805599453
rasant,0.6931471805599453
ihr,1.3321790402101223
regulatorisch,0.6365141682948128
digital,1.0397207708399179
ausländisch,0.6365141682948128
