lemma,shannon
der,1.5988851509386455
ein,1.5857708352080968
jed,0.6931471805599453
ander,0.6931471805599453
sein,1.4735023850806486
dies,1.4941751382893085
eigen,0.6931471805599453
sozial,0.6931471805599453
gehen,0.6931471805599453
tief,0.6931471805599453
werden,1.2206072645530175
populär,0.6931471805599453
können,1.0397207708399179
alle,0.6365141682948128
klein,0.6931471805599453
sprechen,0.6931471805599453
