lemma,shannon
dies,1.0549201679861442
der,1.4978438837018868
ein,1.3013055504369102
neu,1.0114042647073516
erfüllen,0.6365141682948128
können,1.0114042647073518
werden,1.0397207708399179
ihr,1.5229550675313184
gut,0.6931471805599453
sein,0.5982695885852573
positiv,0.6931471805599453
legen,0.6931471805599453
effektiv,1.0397207708399179
genau,0.6931471805599453
effizient,1.0986122886681096
zusätzlich,0.6931471805599453
