lemma,shannon
der,1.6403588666600457
dies,1.2148896539491205
ein,1.3624474851916286
sein,1.4648163848908131
werden,1.3321790402101223
hoch,1.6094379124341
relativ,0.6931471805599453
neu,0.6365141682948128
haben,0.9743147528693494
groß,0.6365141682948128
bleiben,0.6365141682948128
ändern,0.6931471805599453
ander,0.6365141682948128
wir,0.6931471805599453
können,1.242453324894
geben,0.6365141682948128
stark,0.6931471805599453
weltweit,0.6931471805599453
