lemma,shannon
der,1.6435220336436254
ein,1.4142790651247086
zukünftig,0.5623351446188083
dies,1.0549201679861442
sein,1.0027182645175161
aktiv,0.6365141682948128
ihr,1.329661348854758
werden,0.6365141682948128
wichtig,1.0549201679861442
unbewußt,0.6365141682948128
korrigieren,0.6931471805599453
haben,0.6931471805599453
