lemma,shannon
der,1.8228763704649102
können,1.2130075659799042
nutzen,0.6931471805599453
ihr,1.0042424730540764
werden,0.6829081047004717
sozial,0.5623351446188083
sein,1.0042424730540764
gezielt,0.5623351446188083
ein,1.2945451658448959
dies,0.6365141682948128
rechtlich,0.6365141682948128
digital,0.6365141682948128
neu,0.6931471805599453
viel,0.6365141682948128
