lemma,shannon
dies,1.0397207708399179
ein,1.4791328074296435
der,1.6483583420380608
werden,0.6931471805599453
ihr,1.242453324894
attraktiv,1.0397207708399179
alle,0.6931471805599453
gut,0.6931471805599453
zeihen|ziehen,0.6931471805599453
sein,1.0608569471580214
schwierig,0.6931471805599453
neu,0.6365141682948128
können,0.6931471805599453
bleiben,0.6931471805599453
solch,0.6931471805599453
viel,0.6931471805599453
scheinen,0.6931471805599453
groß,0.6931471805599453
