lemma,shannon
dies,1.5607104090414063
der,1.7264626802637528
sozial,1.329661348854758
werden,0.6931471805599453
betonen,0.5004024235381879
angemessen,0.6931471805599453
sein,0.5982695885852573
betroffen,0.6365141682948128
ein,1.2730283365896258
groß,0.6931471805599453
politisch,0.6365141682948128
beide,0.45056120886630463
erfolgreich,0.6931471805599453
bilateral,0.6365141682948128
können,1.0397207708399179
klein,0.6931471805599453
