lemma,shannon
ein,1.2636544318820966
der,1.7024087376514359
Frau,0.37677016125643675
werden,1.0397207708399179
ihr,1.7201934592198251
weltweit,0.5623351446188083
jung,0.6931471805599453
dies,1.3321790402101223
schaffen,0.6931471805599453
sein,1.242453324894
müssen,0.6365141682948128
diskutieren,0.6931471805599453
unterstützen,0.6931471805599453
kämpfen,0.6931471805599453
global,0.6365141682948128
kein,0.6931471805599453
