lemma,shannon
dies,0.9556998911125343
der,1.628584369235568
ein,1.0710178890244566
werden,0.7356219397587946
ihr,0.9002560512685369
entwickeln,0.6931471805599453
können,0.9502705392332347
haben,1.0397207708399179
erweitern,0.6931471805599453
groß,1.559581156259877
ermöglichen,0.6931471805599453
sein,1.5764921940441796
er,0.34883209584303193
abschließend,0.6931471805599453
