lemma,shannon
dies,0.9502705392332347
der,1.5728472926039758
schweizerisch,0.6931471805599453
werden,1.499030672979008
ein,1.5223964486226174
sein,0.9596147939120492
zusätzlich,0.6365141682948128
haben,0.6730116670092565
können,1.0789922078775833
neu,0.6931471805599453
administrativ,0.6365141682948128
viel,0.6931471805599453
wirtschaftlich,0.6931471805599453
ihr,0.6931471805599453
reagieren,0.6931471805599453
gesetzlich,0.6365141682948128
