lemma,shannon
dies,1.351783994289646
der,1.576429272799941
besonder,0.6931471805599453
spielen,0.6931471805599453
ein,1.2622431674900145
politisch,1.1935496040981333
gesellschaftlich,0.6931471805599453
neu,0.6931471805599453
international,0.6931471805599453
allgemein,0.6931471805599453
wichtig,1.0397207708399179
sein,1.5571130980576458
er,0.45056120886630463
ihr,1.0397207708399179
können,1.0397207708399179
werden,0.6931471805599453
fördern,0.6365141682948128
