lemma,shannon
dies,1.3321790402101223
ein,1.4681399390162084
der,1.6341793334961625
technologisch,1.0397207708399179
enorm,0.6931471805599453
werden,1.3517839942896461
alle,0.6931471805599453
hoch,0.6931471805599453
sein,0.6730116670092565
lokal,0.6365141682948128
vorhersagen,0.6931471805599453
unser,0.6365141682948128
haben,1.3321790402101223
effizient,0.6931471805599453
