lemma,shannon
der,1.4806641080695164
sein,1.1682824501765625
werden,0.8486855577264172
haben,0.6829081047004717
dies,0.6931471805599453
verfügen,0.6931471805599453
können,1.3862943611198906
weit,0.6931471805599453
ihr,1.0114042647073516
ein,1.2130075659799042
ersetzen,0.6931471805599453
beide,0.6931471805599453
häufig,0.6931471805599453
wichtig,0.6931471805599453
