lemma,shannon
der,1.6681390895822896
ihr,0.6365141682948128
werden,1.4941751382893085
sein,1.3321790402101223
er,0.6365141682948128
ein,1.0397207708399179
wichtig,0.6931471805599453
bieten,0.6931471805599453
dies,1.0397207708399179
wir,0.6931471805599453
