lemma,shannon
ein,1.5110861760736112
verfügen,0.6931471805599453
der,1.6581852888978421
müssen,0.9502705392332347
dies,0.9502705392332347
werden,1.0986122886681096
sein,1.7677614722893296
attraktiv,0.6931471805599453
sie,0.6365141682948128
ihr,1.3030924037617193
global,0.6931471805599453
lokal,0.6931471805599453
haben,0.8675632284814612
können,0.6931471805599453
beitragen,0.6931471805599453
bieten,0.6931471805599453
austauschen,0.6931471805599453
