lemma,shannon
attraktiv,0.6365141682948128
der,1.4978907081650852
werden,0.8675632284814612
sein,1.2206072645530173
hoch,0.6365141682948128
nehmen,0.6931471805599453
stark,0.6365141682948128
ein,1.5670564424376177
können,1.0397207708399179
alle,0.6931471805599453
fallen,0.6931471805599453
verzeichnen,1.0986122886681096
haben,0.6931471805599453
dürfen,0.6931471805599453
staatsnah,0.6365141682948128
