lemma,shannon
der,1.6384507431360715
ein,1.4611291339840733
dies,0.6931471805599453
sein,1.5396544474400977
jährlich,0.6931471805599453
haben,0.5623351446188083
elektronisch,0.6931471805599453
werden,0.6365141682948128
ihr,0.6931471805599453
weisen,0.6931471805599453
sollen,0.6931471805599453
alle,0.6931471805599453
