human,continue,explain,create
,,0.013953488372093023,
0.0014245014245014246,0.017790262172284643,,0.005420054200542005
,0.02077922077922078,0.026881720430107527,
,0.018847006651884702,0.03607382550335571,
0.001326259946949602,,0.0274869109947644,
,0.012387387387387387,,0.011851851851851851
,0.01782178217821782,,
,0.04040404040404041,0.011730205278592375,
,0.016831683168316833,,
,0.006510416666666667,0.032663316582914576,0.008816120906801008
