human,continue,explain,create
,0.023148148148148147,,
,0.024725274725274724,0.014038876889848811,0.015873015873015872
,,,0.023923444976076555
,0.021439509954058193,0.023228803716608595,
,,0.02459016393442623,0.02023121387283237
,,,0.024205748865355523
,0.015706806282722512,0.015625,
,0.0273972602739726,0.011864406779661017,
,,,0.021775544388609715
,,0.011146496815286623,0.01790633608815427
