lemma,shannon
ein,0.7902347553432827
können,0.6108643020548935
zusätzlich,0.6931471805599453
der,1.7358154840494027
werden,0.708018976056273
vermeiden,0.6365141682948128
sollen,0.6615632381579821
sein,0.8979457248567797
dies,0.6365141682948128
hoch,0.6931471805599453
möglich,0.6931471805599453
häufig,0.6931471805599453
fetal,0.6931471805599453
alle,0.6931471805599453
müssen,0.6931471805599453
bestmöglich,0.6931471805599453
jed,0.6931471805599453
