lemma,shannon
der,1.6078688199860565
sein,1.103432909638192
ein,1.370515174287956
können,1.277034259466139
spezifisch,0.6931471805599453
antiretroviralen,0.6365141682948128
dies,0.9502705392332347
verbessern,0.6931471805599453
wichtig,0.6931471805599453
bestehen,0.6931471805599453
kontinuierlich,0.6931471805599453
medizinisch,0.6931471805599453
sollen,0.6365141682948128
professionell,0.6931471805599453
werden,1.0114042647073516
bleiben,0.6931471805599453
