lemma,shannon
der,1.631469637670809
dies,1.0549201679861442
sein,1.2511559833636317
können,0.8760057656431737
schmerzhaft,0.6931471805599453
ein,0.6365141682948128
erheblich,0.6931471805599453
metastasiert,0.6365141682948128
werden,0.6365141682948128
einige,0.6931471805599453
haben,0.5623351446188083
stark,0.6931471805599453
geeignet,0.6931471805599453
alle,0.6365141682948128
ihr,0.6931471805599453
medizinisch,1.0986122886681096
gut,0.6931471805599453
