lemma,shannon
der,1.7549342437084252
medizinisch,0.6931471805599453
beinhalten,0.6931471805599453
ein,1.103432909638192
individuell,0.6829081047004717
sein,1.6052071074554588
dies,0.6931471805599453
können,0.6615632381579821
ander,1.0986122886681096
werden,0.6365141682948128
ganzheitlich,0.5623351446188083
unterstützen,0.6365141682948128
wichtig,1.0986122886681096
psychisch,0.6365141682948128
emotional,0.6365141682948128
sozial,0.6931471805599453
spielen,0.6931471805599453
