lemma,shannon
ein,1.1849533573427233
der,1.602566175383508
er,0.410116318288409
haben,1.0397207708399179
werden,1.5571130980576458
sein,1.8711604142318066
zeigen,1.0397207708399179
kein,0.6931471805599453
aktuell,0.6931471805599453
möglich,1.0986122886681096
klinisch,0.6931471805599453
rechtsherzig,0.6931471805599453
dies,0.6730116670092565
wichtig,0.6931471805599453
deutlich,0.6365141682948128
