lemma,shannon
der,1.6887785872539616
ihr,1.5508457063832815
ein,1.6410009444010938
werden,0.5297061990576545
bestätigen,0.6365141682948128
interdisziplinär,0.6931471805599453
behandelnd,0.6931471805599453
möglich,0.6931471805599453
gesamt,0.6931471805599453
angepaßt,0.6931471805599453
dies,1.3321790402101223
einleiten,0.6931471805599453
