lemma,shannon
ein,1.4989346633364666
der,1.6347815257743301
werden,1.162225544921092
sein,1.9080368345090652
histopathologisch,0.6931471805599453
nah,0.6931471805599453
haben,0.5004024235381879
medizinisch,0.6365141682948128
dies,1.3321790402101223
gut,1.3862943611198906
sollen,0.6931471805599453
bedeuten,0.6931471805599453
erfolgreich,0.6931471805599453
möglich,0.6931471805599453
