lemma,shannon
ein,1.4413846447046486
werden,0.6730116670092565
der,1.5617628846529081
unser,1.0986122886681096
möglich,1.3862943611198906
sein,1.4142790651247086
zeigen,1.0397207708399179
kein,0.6365141682948128
haben,1.0397207708399179
wir,0.410116318288409
chirurgisch,0.6365141682948128
gut,0.6931471805599453
führen,0.6931471805599453
motorisch,0.6365141682948128
adjuvant,0.6730116670092565
beginnen,0.6365141682948128
verbessern,0.6931471805599453
