lemma,shannon
der,1.6278738121800478
ein,1.5054323465259494
kein,0.6365141682948128
stellen,0.6931471805599453
ihr,1.6326309271543518
welch,0.6931471805599453
werden,1.286057336874379
zeigen,0.8675632284814612
onkologisch,0.6365141682948128
adjuvant,0.6931471805599453
können,1.0397207708399179
gut,1.3862943611198906
Ihr|ihr,0.6931471805599453
sein,0.6931471805599453
dies,0.6730116670092565
verbessern,0.6931471805599453
psychosozial,0.6931471805599453
