lemma,shannon
stellen,0.6931471805599453
unser,0.6931471805599453
ein,1.575327970934675
wir,0.5297061990576545
zeigen,0.6365141682948128
der,1.7310165268068105
werden,0.5982695885852573
histopathologisch,0.6931471805599453
häufig,0.6931471805599453
haben,0.6931471805599453
lokal,0.6931471805599453
feststellen,0.6931471805599453
sein,1.7351264569629226
dies,0.6931471805599453
adjuvant,0.6931471805599453
