lemma,shannon
sein,1.1490596969706202
ein,0.7902679680745903
der,1.443140900839694
werden,0.8675632284814612
haben,1.0549201679861442
chronisch,0.6931471805599453
psychosozial,0.6365141682948128
ihr,1.5804537812632429
dies,0.9502705392332347
beeinträchtigen,0.6931471805599453
Ihr|ihr,0.5004024235381879
geben,0.6931471805599453
behandelnd,0.6931471805599453
verbessern,0.6931471805599453
