lemma,shannon
ein,1.277086949070672
werden,1.0317671113505356
der,1.7191861783931939
klinisch,1.0549201679861442
zeigen,0.6931471805599453
allgemein,0.6931471805599453
dies,0.6365141682948128
durchführen,0.6931471805599453
ander,0.6931471805599453
chronisch,0.6931471805599453
sein,1.15374194270109
operativ,0.6931471805599453
haben,0.6931471805599453
wichtig,0.6931471805599453
