lemma,shannon
der,1.7385755414533226
ihr,1.0397207708399179
medizinisch,0.6931471805599453
ein,1.327362863420189
werden,1.194453006323357
möglich,0.9502705392332347
zeigen,0.6730116670092565
sein,1.3321790402101223
eindeutig,1.0986122886681096
dies,1.2130075659799042
gut,0.9502705392332347
erst,0.6931471805599453
bekannt,0.6931471805599453
frühzeitig,0.6931471805599453
können,0.6365141682948128
