lemma,shannon
ein,1.5798293809486892
sein,0.5982695885852573
der,1.67505255877704
werden,1.0114042647073516
ihr,1.0397207708399179
dies,1.0789922078775833
weit,0.6931471805599453
bestätigen,0.6931471805599453
histopathologisch,0.6931471805599453
unizentrisch,0.6931471805599453
brusterhaltend,0.6365141682948128
erfolgreich,0.6931471805599453
vollständig,0.6931471805599453
erzielen,0.6931471805599453
spielen,0.6931471805599453
