lemma,shannon
ein,1.6189888410245
der,1.6878058951572257
sein,2.1006789212792607
er,0.6730116670092565
dies,0.45056120886630463
zeigen,0.6365141682948128
langjährig,0.6365141682948128
haben,0.6931471805599453
werden,1.1187433359857524
können,1.351783994289646
kein,0.6365141682948128
hinweisen,1.0986122886681096
regelmäßig,0.6931471805599453
gut,0.6931471805599453
wesentlich,0.6931471805599453
