lemma,shannon
ein,1.3635646216442063
der,1.6167181606449585
er,0.9002560512685369
präventiv,0.6931471805599453
werden,0.5004024235381879
sein,1.887592037924735
ich,0.45056120886630463
weit,0.6365141682948128
zeigen,0.6730116670092565
möglich,0.6931471805599453
beide,0.6931471805599453
unser,0.6365141682948128
prophylaktisch,0.6931471805599453
haben,1.5607104090414063
dies,0.6365141682948128
einige,0.6931471805599453
kein,0.6931471805599453
intensiv,0.6931471805599453
