lemma,shannon
ein,1.5161254718289134
der,1.472937758689884
sein,1.7890221622909375
zeigen,0.6730116670092565
alkalisch,0.6931471805599453
anschließend,0.6931471805599453
werden,0.9596147939120492
fehlend,0.6365141682948128
können,0.6365141682948128
dies,1.0549201679861442
histologisch,0.6365141682948128
neoadjuvant,0.6931471805599453
verbessern,0.6931471805599453
