lemma,shannon
ein,1.334592953237241
werden,0.8314025204956377
sein,1.88023651006819
der,1.6455031006980048
schwach,0.6931471805599453
durchführen,0.6931471805599453
er,0.6730116670092565
geben,1.0397207708399179
wiederholt,0.6931471805599453
dies,1.6094379124341005
besonder,0.6931471805599453
physisch,0.6931471805599453
möglich,0.6931471805599453
