lemma,shannon
alt,1.3321790402101223
haben,0.6365141682948128
mehrere,0.6931471805599453
der,1.662829382767614
ein,1.5944465841488271
allgemein,0.6931471805599453
sein,1.5867847075280475
regelmäßig,0.6365141682948128
dies,0.6931471805599453
fortgeschritten,1.0986122886681096
sorgfältig,0.6931471805599453
werden,0.6615632381579821
können,0.6365141682948128
bestmöglich,0.6931471805599453
vermindert,0.6931471805599453
alle,0.6365141682948128
wirksam,0.6931471805599453
