lemma,shannon
der,1.618186797592799
sein,1.3321790402101223
ein,1.298273154769536
werden,0.6108643020548935
zeigen,0.5004024235381879
welch,0.6730116670092565
weit,0.5623351446188083
bestätigen,0.6365141682948128
dies,1.0114042647073516
marginal,0.6931471805599453
chirurgisch,1.0986122886681096
gut,0.6931471805599453
können,0.6365141682948128
entsprechend,0.6365141682948128
