lemma,shannon
ein,1.6006824746649548
ihr,1.559581156259877
anhaltend,0.6931471805599453
der,1.5739377142551783
zunehmend,0.6931471805599453
überweisen,0.6931471805599453
gründlich,0.6931471805599453
weiter,0.6931471805599453
werden,0.6730116670092565
simultan,0.5623351446188083
müssen,0.6931471805599453
dies,1.2130075659799042
gut,0.6931471805599453
medizinisch,0.6931471805599453
