lemma,shannon
der,1.6756669904262105
ihr,1.6715952780212544
kein,0.5004024235381879
sein,1.0114042647073516
werden,1.1569876443452742
ein,1.478751524647954
folgend,0.6931471805599453
bestätigen,0.6931471805599453
zusätzlich,0.6931471805599453
adjuvant,1.0397207708399179
dies,0.6365141682948128
entsprechen,0.6931471805599453
gut,0.5623351446188083
zeigen,1.0397207708399179
regelmäßig,1.0986122886681096
möglich,0.6931471805599453
klinisch,0.6365141682948128
