lemma,shannon
medizinisch,0.6931471805599453
werden,1.5136026783424539
behandeln,0.6931471805599453
ein,1.228310352160882
der,1.6133079625146982
halten,0.6931471805599453
sein,1.9561874676604516
dies,1.2206072645530173
neu,0.6931471805599453
ander,0.6365141682948128
verursachen,0.6931471805599453
pharmakologisch,0.6730116670092565
möglich,0.6931471805599453
