lemma,shannon
der,1.6806130083433712
sein,1.0114042647073516
identifizieren,0.6931471805599453
können,0.7356219397587946
dies,1.4897503188505912
ein,1.5426758611087728
hoch,0.6931471805599453
klinisch,0.6931471805599453
werden,1.242453324894
genau,1.0986122886681096
gut,1.0986122886681096
unterschiedlich,0.5623351446188083
bestehen,0.6931471805599453
kein,0.6931471805599453
sollen,0.6365141682948128
individuell,0.6931471805599453
