lemma,shannon
dies,1.2406842919533958
werden,0.9433483923290391
klinisch,0.6931471805599453
verschieden,0.6931471805599453
der,1.7202612716411807
ein,1.5222331480567692
weit,0.6931471805599453
zeigen,0.6730116670092565
signifikant,0.6931471805599453
sein,1.6715952780212544
stark,0.6365141682948128
können,1.2206072645530175
feststellen,0.6931471805599453
erhalten,0.6931471805599453
verbessern,0.6365141682948128
gut,0.6931471805599453
kein,1.0549201679861442
