lemma,shannon
dies,1.6726254461503207
der,1.8479779525281166
beziehen,0.6931471805599453
ein,1.4377014436429414
werden,1.1626998334975678
welch,0.6931471805599453
können,0.6931471805599453
sein,1.3421131789144003
solch,0.6931471805599453
zusätzlich,0.5623351446188083
haben,1.0986122886681096
adjuvant,0.5623351446188083
kein,0.6365141682948128
ergänzend,0.6365141682948128
sollen,0.6365141682948128
alt,1.3321790402101223
