lemma,shannon
der,1.7411964802579667
ein,1.194453006323357
häufig,1.3862943611198906
sein,1.2636544318820966
dies,0.6730116670092565
skelettal,0.6365141682948128
bestimmt,1.0986122886681096
können,0.8823109245150755
werden,0.8675632284814612
signifikant,0.6931471805599453
auftreten,0.5623351446188083
abnormal,0.6365141682948128
hoch,0.6931471805599453
treten,0.6365141682948128
überschüssig,0.6931471805599453
rot,0.6931471805599453
