lemma,shannon
der,1.6886100785219211
ein,1.4003265762311883
sein,1.1189688668816267
medizinisch,0.9502705392332347
wichtig,0.5623351446188083
dies,1.351783994289646
können,0.936888307539016
werden,1.0335620542068176
möglich,0.6365141682948128
erfassen,0.6931471805599453
körperlich,0.6931471805599453
alt,1.0549201679861442
weit,0.6365141682948128
helfen,0.6365141682948128
offen,0.6931471805599453
objektiv,0.6931471805599453
