lemma,shannon
dies,1.0986122886681096
der,1.8379751407334581
werden,0.6931471805599453
ein,1.5374850974860272
signifikant,0.45056120886630463
ander,1.0397207708399179
erhöhen,0.5623351446188083
sein,0.8369882167858358
stereotaktisch,0.45056120886630463
können,1.2130075659799042
zeigen,0.6365141682948128
kein,0.6730116670092565
gut,0.6365141682948128
wirksam,0.6931471805599453
