lemma,shannon
dies,0.9002560512685369
der,1.6082413081947673
sein,1.1269287948006759
werden,1.0042424730540764
haben,0.6931471805599453
bestimmt,0.6365141682948128
verschieden,1.0549201679861442
ein,0.5623351446188083
können,1.0042424730540764
spielen,0.6931471805599453
möglich,0.6365141682948128
zeigen,0.6931471805599453
ander,0.5623351446188083
verwenden,0.6931471805599453
ich,0.6931471805599453
ihr,0.6931471805599453
wirken,0.6931471805599453
müssen,0.6365141682948128
