lemma,shannon
der,1.577044766622662
verschieden,1.0986122886681096
neu,1.3862943611198906
dies,0.8675632284814612
werden,1.2711814802605796
zeigen,0.9502705392332347
ein,1.0317671113505356
sein,1.2047933096947843
sollen,0.6365141682948128
spezifisch,0.6365141682948128
individuell,0.6365141682948128
bestimmt,0.6931471805599453
haben,0.6931471805599453
können,0.5623351446188083
alle,0.6365141682948128
wirksam,0.6931471805599453
fortgeschritten,0.6931471805599453
