lemma,shannon
dies,1.0397207708399179
geben,0.9502705392332347
der,1.6865729278691823
ein,1.2919060073446698
werden,0.6791932659915256
klein,0.6931471805599453
langsam,0.6931471805599453
können,1.2396593920543857
sein,0.6931471805599453
intestinal,0.6730116670092565
aufnehmen,0.6365141682948128
chirurgisch,0.6365141682948128
sollen,0.6931471805599453
individuell,0.6931471805599453
sorgfältig,0.6365141682948128
psychologisch,0.6931471805599453
brauchen,0.6931471805599453
