lemma,shannon
der,1.7366328917785339
sein,0.708018976056273
ein,1.5370687803446488
ihr,1.0549201679861442
dies,1.3321790402101223
werden,0.6931471805599453
ander,0.6730116670092565
aktiv,0.6365141682948128
medizinisch,0.45056120886630463
psychologisch,0.6365141682948128
psychisch,0.6931471805599453
wichtig,0.6365141682948128
müssen,0.6365141682948128
können,0.5623351446188083
sie,0.5623351446188083
normal,0.6931471805599453
unser,1.0986122886681096
stellen,0.6931471805599453
