lemma,shannon
dies,1.2636544318820966
der,1.6532371151555227
depressiv,0.9839614460010255
ein,1.2862065262915436
hoch,1.0986122886681096
sein,1.0366279688586069
ihr,1.0397207708399179
können,1.0735428464085233
werden,0.6365141682948128
voll,0.6931471805599453
stehen,0.6931471805599453
reichen,0.6931471805599453
behandeln,0.6931471805599453
vorübergehend,0.6931471805599453
schwer,0.9502705392332347
effektiv,0.6931471805599453
verschieden,0.6931471805599453
