lemma,shannon
der,1.7039259549753005
verschieden,0.6365141682948128
ihr,0.6931471805599453
werden,1.2206072645530175
diskutieren,0.6931471805599453
dies,0.8675632284814612
ein,1.303875529336385
hoch,0.6365141682948128
sein,1.2342678660790765
niedrig,0.6931471805599453
kein,0.6365141682948128
zeigen,1.0397207708399179
ander,0.6931471805599453
lang,1.0986122886681096
geben,0.5623351446188083
einige,0.6931471805599453
können,1.277034259466139
individuell,0.6365141682948128
