lemma,shannon
der,1.708947203940848
werden,1.2831726480161034
ein,1.4681399390162087
dies,1.1973401339967782
proteolytisch,0.6365141682948128
können,1.0900596587107838
verschieden,0.45056120886630463
geben,0.45056120886630463
sein,1.2798542258336676
weit,1.0397207708399179
haben,0.6365141682948128
tatsächlich,0.6365141682948128
viel,0.6365141682948128
untersuchen,0.6365141682948128
unterschiedlich,0.6931471805599453
ausschließen,0.6931471805599453
genau,0.6931471805599453
