lemma,shannon
dies,1.2275294114572126
der,1.7589912061060706
bestimmt,0.5623351446188083
werden,0.9002560512685369
sein,0.6730116670092565
ein,1.2449537211212138
möglich,0.5004024235381879
hämatologisch,0.9502705392332347
sollen,0.6365141682948128
dienen,0.6365141682948128
spielen,0.6931471805599453
können,0.6931471805599453
detailliert,0.6931471805599453
allgemein,0.6931471805599453
bieten,0.6931471805599453
wichtig,0.6931471805599453
