lemma,shannon
dies,1.193549604098133
der,1.5700804607800365
erhöht,1.0397207708399179
ein,1.6104946667760232
sein,0.9164648855394713
wichtig,1.0986122886681096
zeigen,0.5623351446188083
bestimmt,0.6931471805599453
geben,0.6931471805599453
weit,1.0986122886681096
beeinflussen,0.6931471805599453
können,0.6615632381579821
werden,0.5004024235381879
kardial,0.6730116670092565
sollen,0.6931471805599453
aktuell,0.6365141682948128
häufig,0.6931471805599453
