lemma,shannon
dies,1.0888999753452238
der,1.6325287657597998
aromatisch,0.47413931305783735
ihr,0.6931471805599453
arbeitsbedingt,0.6931471805599453
sein,0.936888307539016
ein,1.0733942812811266
chemisch,1.0397207708399179
verschieden,1.0397207708399179
werden,1.1682824501765625
darstellen,0.5004024235381879
sie,0.6931471805599453
scheinen,0.6931471805599453
rein,0.6931471805599453
bekannt,0.6931471805599453
vielfältig,0.6931471805599453
nennen,0.6931471805599453
