lemma,shannon
dies,0.8486855577264172
der,1.7471351875817154
alt,0.9347698978582794
sein,1.0027182645175161
ein,1.2855724512878137
aktuell,1.0986122886681096
sollen,0.5004024235381879
werden,0.6901856760188042
häufig,0.6931471805599453
jung,0.6365141682948128
bestehen,0.5623351446188083
hoch,0.6931471805599453
fortgeschritten,0.6365141682948128
können,1.5498260458782016
spezifisch,0.6931471805599453
individuell,0.6365141682948128
modifiziert,0.6931471805599453
