lemma,shannon
der,1.6317543292192902
ein,1.1900763072081852
sein,1.0042424730540764
werden,0.8760057656431737
dies,1.6094379124341005
neu,0.9502705392332347
sollen,0.6365141682948128
alle,0.6931471805599453
haben,0.6365141682948128
können,1.4791328074296435
zeigen,0.6365141682948128
alt,1.0397207708399179
erheblich,0.6931471805599453
