lemma,shannon
dies,0.8599672810355049
der,1.722693074641069
körperlich,0.6365141682948128
werden,1.3516811946858949
sportlich,0.6931471805599453
sein,0.9002560512685369
können,0.9184277849930975
spezifisch,0.6365141682948128
individuell,0.5623351446188083
haben,0.5623351446188083
ein,1.4708084763221112
berücksichtigen,0.6365141682948128
relevant,0.6931471805599453
jed,0.6931471805599453
geben,0.6365141682948128
verbessern,0.6931471805599453
weit,0.6931471805599453
