lemma,shannon
dies,1.310783678099714
der,1.617377303935863
medizinisch,1.0397207708399179
sein,0.9368883075390159
können,0.6365141682948128
ein,1.531547613918581
speziell,1.0986122886681096
werden,0.6890092384766586
unterschiedlich,0.6931471805599453
sogenannt,0.6931471805599453
potentiell,0.6931471805599453
eingehen,0.6365141682948128
sensorisch,0.6931471805599453
kognitiv,0.5623351446188083
wichtig,0.6931471805599453
