lemma,shannon
der,1.5611832094787925
erkranken,0.6931471805599453
ein,1.3050963719483406
dies,1.0114042647073516
alle,1.0986122886681096
selten,0.6931471805599453
beobachten,0.6931471805599453
sein,0.9649629230074277
häufig,0.6931471805599453
hoch,1.3321790402101223
aktuell,0.6931471805599453
ergeben,0.6931471805599453
relativ,0.6931471805599453
