lemma,shannon
sein,0.5004024235381879
ein,1.4586496783662024
korrekt,0.6931471805599453
der,1.4620093382790096
werden,0.37677016125643675
erreichen,0.6931471805599453
können,0.6365141682948128
vergleichbar,0.6931471805599453
aktuell,1.0986122886681096
kein,0.6931471805599453
zeigen,0.6365141682948128
hoch,1.6094379124341005
gut,0.6931471805599453
signifikant,1.0986122886681096
beschreiben,0.6931471805599453
genau,0.6931471805599453
liegen,0.6931471805599453
