lemma,shannon
werden,1.1973401339967784
der,1.5635133706899746
ein,1.4025539662752262
können,0.45056120886630463
signifikant,1.329661348854758
zeigen,0.9556998911125343
moderat,0.6365141682948128
niedrig,0.6931471805599453
sein,0.9743147528693494
hoch,0.6931471805599453
dies,0.6365141682948128
aufzeigen,0.6931471805599453
sollen,0.6931471805599453
kein,0.6365141682948128
ander,0.6931471805599453
