lemma,shannon
werden,0.9002560512685369
konventionell,0.6931471805599453
randomisieren,0.6931471805599453
der,1.18856487378187
ein,1.2945451658448959
sein,1.0397207708399179
randomisiert,0.5623351446188083
prüfen,0.6931471805599453
historisch,0.6931471805599453
gut,0.6365141682948128
primär,0.6931471805599453
folgend,0.6931471805599453
erst,0.6931471805599453
groß,0.6931471805599453
