lemma,shannon
der,1.489013863748409
negativ,0.6931471805599453
werden,1.3421131789144003
gelten,0.6931471805599453
ein,0.8823109245150755
positiv,0.6931471805599453
sein,1.0821955300387673
erheblich,0.6365141682948128
haben,0.6931471805599453
hoch,1.0986122886681096
dies,1.0986122886681096
gering,0.6931471805599453
