lemma,shannon
der,1.5963882114167192
alt,1.0042424730540764
sein,0.5004024235381879
dies,1.5498260458782016
jung,1.0397207708399179
ein,1.125561728305816
werden,0.6837389058487535
bestehen,0.6365141682948128
tolerabel,0.6931471805599453
alternativ,0.6931471805599453
fortgeschritten,0.6365141682948128
kommen,0.6365141682948128
