lemma,shannon
ein,1.1972970154342812
sein,0.9911388966130941
der,1.5797548285762306
klinisch,0.6365141682948128
relevant,0.6931471805599453
werden,1.39539709232679
dies,0.5623351446188083
dass,0.6931471805599453
median,0.6365141682948128
signifikant,0.5623351446188083
formell,0.6931471805599453
zeigen,0.6931471805599453
unterschiedlich,0.6931471805599453
haben,0.6365141682948128
