lemma,shannon
der,1.6361136205355937
ein,1.6534844774671675
dies,0.6931471805599453
erst,0.6365141682948128
von,0.2711893730418441
werden,1.3862943611198906
präventiv,0.5623351446188083
sein,1.1709971261162124
pflanzlich,0.6931471805599453
wenig,0.6365141682948128
mäßige,0.6931471805599453
schnell,0.6931471805599453
%ig,0.5623351446188083
negativ,0.6931471805599453
