human,continue,explain,create
0.0,0.10714285714285714,0.0,0.0
0.0,0.0,0.0,0.0
0.0,0.0,0.0,0.07142857142857142
0.0,0.0,0.0,0.0
0.0,0.0,0.0,0.06896551724137931
0.0,0.0,0.0,0.03333333333333333
0.0,0.0,0.0,0.0
0.0,0.03333333333333333,0.06666666666666667,0.0
0.0,0.0,0.0,0.0
0.0,0.0,0.13333333333333333,0.0
