lemma,shannon
kein,0.6931471805599453
der,1.7057767135963997
sein,0.6365141682948128
radiogen,0.6931471805599453
pulmonal,0.6365141682948128
hoch,0.6931471805599453
können,1.0114042647073516
werden,0.6829081047004717
dies,1.0397207708399179
ein,1.4677339293271525
welch,0.6931471805599453
erfolgen,0.6931471805599453
helfen,0.6931471805599453
notwendig,0.6931471805599453
kritisch,0.6931471805599453
international,0.6931471805599453
