lemma,shannon
werden,0.6931471805599453
der,1.7317888239922814
gehen,0.6931471805599453
groß,0.6931471805599453
beide,0.6931471805599453
ein,1.7328679513998633
sein,1.3296613488547582
liegen,0.6365141682948128
verschieden,0.6931471805599453
bestehen,0.6931471805599453
dies,0.6829081047004717
minimal,0.6931471805599453
bleiben,0.6931471805599453
wissenschaftlich,0.6931471805599453
innovativ,0.6931471805599453
