lemma,shannon
sein,0.9556998911125343
ein,1.2309316230479224
der,1.6101941508275202
dies,1.277034259466139
können,1.0114042647073518
prognostisch,0.6931471805599453
werden,1.0397207708399179
haben,0.6931471805599453
chirurgisch,0.6365141682948128
einzeln,0.6931471805599453
gut,0.6931471805599453
liefern,0.6931471805599453
ref,0.6931471805599453
