lemma,shannon
können,1.329661348854758
ein,1.4985690796770055
der,1.6051472703821856
werden,1.15374194270109
wichtig,0.6931471805599453
zeigen,0.6365141682948128
dies,0.6365141682948128
sein,1.3296613488547582
gut,1.0986122886681096
eventuell,0.6931471805599453
sekundär,0.6931471805599453
approach,0.6931471805599453
ventuer,0.6931471805599453
firm,0.6931471805599453
