lemma,shannon
der,1.598111309981074
sein,1.2730283365896258
ein,1.424442778503618
dies,1.7478680974667573
werden,0.6365141682948128
bösartig,1.0986122886681096
klein,0.6931471805599453
gehören,0.6931471805599453
ander,0.6931471805599453
häufig,0.6931471805599453
wichtig,0.6931471805599453
haben,0.6730116670092565
können,0.6931471805599453
zeigen,0.6931471805599453
gut,0.6931471805599453
vollständig,0.6931471805599453
