lemma,shannon
der,1.5333821677189523
ein,1.2148896539491205
sein,1.5607104090414063
können,1.277034259466139
werden,1.3321790402101223
weit,1.3862943611198906
global,0.6931471805599453
haben,0.6931471805599453
zeigen,0.6931471805599453
täglich,0.6931471805599453
dies,1.0986122886681096
erhöht,0.6931471805599453
relativ,0.6931471805599453
definitiv,0.6931471805599453
