lemma,shannon
der,1.727694669998594
dies,1.0397207708399179
schnell,1.0397207708399179
kalt,0.6931471805599453
häufig,0.6931471805599453
ein,1.6094379124341003
gut,1.3862943611198906
sein,1.0549201679861442
wichtig,1.0986122886681096
können,1.0986122886681096
hilfreich,0.6931471805599453
werden,0.5623351446188083
bleiben,0.9502705392332347
medizinisch,0.6931471805599453
verbessern,0.6931471805599453
