lemma,shannon
werden,1.0397207708399179
untersuchen,0.6931471805599453
dies,1.4241299173467734
retrospektiv,0.6365141682948128
der,1.6002083832285066
sein,1.0986122886681096
können,1.0986122886681096
berichten,0.6365141682948128
ein,1.0123308391031736
klinisch,0.6931471805599453
wöchentlich,0.6931471805599453
bedeutend,0.6931471805599453
prospektiv,0.6931471805599453
zeigen,0.6931471805599453
ermutigend,0.6365141682948128
umfassend,0.6931471805599453
