lemma,shannon
der,1.7087083892554749
ein,1.0549201679861442
ihr,0.6931471805599453
dies,0.8675632284814612
individuell,0.6931471805599453
hoch,1.0986122886681096
wesentlich,0.6931471805599453
machen,0.6931471805599453
lokal,0.6931471805599453
sein,1.3296613488547582
können,1.0549201679861442
werden,0.5623351446188083
chemotherapeutisch,0.6931471805599453
müssen,0.6931471805599453
