lemma,shannon
der,1.5574745947975033
ein,1.1682824501765625
werden,1.0789922078775833
intensiv,0.6931471805599453
weiter,0.6931471805599453
sein,1.7351264569629226
erheblich,0.6931471805599453
sollen,0.6931471805599453
dies,0.6931471805599453
treten,0.6931471805599453
individuell,0.6931471805599453
psychosozial,0.6931471805599453
er,0.6365141682948128
deutlich,0.6931471805599453
