lemma,shannon
klinisch,0.6931471805599453
der,1.5529790538342843
sein,1.3321790402101223
ein,1.6591048294192141
unser,0.6931471805599453
regelmäßig,0.6931471805599453
link,0.6931471805599453
initial,0.6931471805599453
werden,1.3321790402101223
hoch,0.6931471805599453
dies,1.242453324894
alle,0.6931471805599453
zeigen,0.6365141682948128
laborchemisch,0.6931471805599453
leicht,0.6931471805599453
weiterführend,0.6931471805599453
