lemma,shannon
klinisch,0.6931471805599453
ein,1.5065950881316383
alt,1.0986122886681096
der,1.7030728890136553
sein,1.0397207708399179
kolorektal,0.6931471805599453
werden,0.6365141682948128
zeigen,0.6365141682948128
