lemma,shannon
Herr,0.45056120886630463
der,1.5373561055718774
sein,1.6769877743224173
ein,1.4708084763221112
haben,0.6931471805599453
kein,0.6931471805599453
können,0.6931471805599453
werden,1.0986122886681096
geben,0.6931471805599453
hoch,0.6365141682948128
fettreich,0.6931471805599453
cas,0.6931471805599453
