lemma,shannon
ein,1.4708084763221112
der,1.7227760217772392
sein,1.6094379124341005
dies,1.0986122886681096
bestehen,0.6931471805599453
haben,0.6931471805599453
zunehmend,0.6931471805599453
leicht,0.6931471805599453
werden,0.6730116670092565
kein,0.6931471805599453
mikroskopisch,0.6931471805599453
