lemma,shannon
klinisch,0.6931471805599453
der,1.5345939791269922
aktinisch,0.6365141682948128
sein,1.5229550675313184
ein,1.5047882836811908
er,0.6931471805599453
unser,1.0397207708399179
rauh,0.6931471805599453
haben,1.0986122886681096
dies,1.0986122886681096
durchführen,0.6931471805599453
wir,0.5623351446188083
