lemma,shannon
klinisch,0.6931471805599453
ein,1.3853603777875552
werden,0.9502705392332347
ihr,1.559581156259877
der,1.6785005407382225
erheblich,0.6931471805599453
haben,0.6365141682948128
verbessern,0.6931471805599453
sein,0.9556998911125343
therapeutisch,0.6365141682948128
dies,0.9502705392332347
berichten,0.6365141682948128
spürbar,0.6931471805599453
initial,1.0397207708399179
zeigen,0.6730116670092565
objektiv,0.6931471805599453
entzündlich,0.6931471805599453
