lemma,shannon
klinisch,1.0986122886681096
stellen,0.6365141682948128
ein,1.709472776584213
der,1.6276684086674527
kein,0.5623351446188083
solide,0.6931471805599453
werden,1.0549201679861442
klarzellig,0.6931471805599453
sein,1.0986122886681096
bildgebend,0.6931471805599453
gering,0.6931471805599453
dies,0.5623351446188083
empfohlen,0.6931471805599453
bleiben,0.6931471805599453
