lemma,shannon
der,1.7639403260214088
ein,1.6417347121875214
dies,1.277034259466139
allgemein,0.6931471805599453
sein,1.5229550675313184
er,0.6730116670092565
medizinisch,0.6931471805599453
erst,0.6365141682948128
werden,0.6730116670092565
speziell,0.6931471805599453
zeigen,0.6931471805599453
können,0.6931471805599453
onkologisch,0.6931471805599453
