lemma,shannon
klinisch,0.6931471805599453
ein,1.711845135233912
sein,1.0397207708399179
der,1.6607798617360388
kardiologisch,0.6931471805599453
Ihr|ihr,0.6931471805599453
haben,0.6365141682948128
zunehmend,1.0986122886681096
werden,0.6931471805599453
ihr,0.6365141682948128
letzt,0.6931471805599453
welch,0.6931471805599453
früh,0.6931471805599453
