lemma,shannon
klinisch,1.0986122886681096
radikal,0.6365141682948128
ein,1.4377014436429414
ehemalig,0.6931471805599453
der,1.6509228751595495
werden,1.242453324894
er,0.6931471805599453
sein,1.3862943611198906
nachweisbar,0.6931471805599453
dies,1.0986122886681096
kein,0.6931471805599453
aktuell,0.6931471805599453
geben,0.6931471805599453
lokoregional,0.6931471805599453
deuten,0.6931471805599453
helfen,0.6931471805599453
leicht,0.6931471805599453
