lemma,shannon
der,1.6872935374673244
aktuell,1.0986122886681096
sein,0.6931471805599453
ein,1.6769877743224173
ihr,1.0397207708399179
letzt,0.6931471805599453
werden,1.0042424730540764
erst,0.6931471805599453
systematisch,0.6931471805599453
Review,0.6931471805599453
positiv,0.6931471805599453
möglich,0.6931471805599453
