lemma,shannon
klinisch,0.6931471805599453
ein,1.1822230016451067
sein,1.0397207708399179
der,1.7289247171547362
werden,0.5623351446188083
jed,0.6365141682948128
erst,0.6931471805599453
final,0.6931471805599453
retrospektiv,0.6931471805599453
zyklisch,0.6931471805599453
prägend,0.6931471805599453
