lemma,shannon
ein,1.6715952780212544
werden,1.3321790402101223
der,1.6439049523438867
er,0.6365141682948128
sein,1.0986122886681096
weit,0.6931471805599453
letzt,0.6931471805599453
geben,0.6931471805599453
zeigen,0.6931471805599453
initiieren,0.6931471805599453
können,0.6931471805599453
