lemma,shannon
klinisch,0.6931471805599453
der,1.566861858319611
ein,1.5810937501718236
stellen,0.6931471805599453
werden,1.2130075659799042
sein,1.9072839993213795
arteriell,0.6931471805599453
haben,0.5623351446188083
dies,0.6365141682948128
potenziell,0.6931471805599453
können,0.6931471805599453
positiv,0.6931471805599453
wenig,0.6931471805599453
