lemma,shannon
klinisch,0.6931471805599453
der,1.6577911751595622
ein,1.0042424730540764
sein,1.3296613488547582
ihr,1.0735428464085233
dies,0.9743147528693494
möglich,0.6931471805599453
ander,1.0397207708399179
neoplastisch,0.6931471805599453
präkanzerös,0.6931471805599453
werden,0.6829081047004717
vollständig,0.6931471805599453
erst,1.0114042647073516
sexuell,0.6931471805599453
selten,0.6931471805599453
gefährlich,0.6931471805599453
malignitätsassoziiert,0.6931471805599453
