lemma,shannon
klarzellig,0.5623351446188083
der,1.567970953572664
werden,0.9502705392332347
ein,1.6417347121875214
zeigen,0.9502705392332347
wöchentlich,0.6931471805599453
sein,0.6365141682948128
zusätzlich,0.6931471805599453
erst,0.6931471805599453
dies,0.6365141682948128
klinisch,0.6931471805599453
