lemma,shannon
klinisch,0.6931471805599453
metastasiert,0.6365141682948128
der,1.4475521940157818
ein,1.3114313374732376
bestätigen,0.6931471805599453
werden,0.6365141682948128
folgen,0.6931471805599453
dies,1.3321790402101223
aktuell,1.0986122886681096
Phase,0.6931471805599453
haben,0.6931471805599453
zeigen,1.3321790402101223
können,0.6931471805599453
signifikant,0.6931471805599453
gut,0.6931471805599453
entscheiden,0.6931471805599453
kein,0.6931471805599453
