lemma,shannon
klinisch,0.6931471805599453
weit,0.6931471805599453
der,1.6230797806127195
ein,1.71408754118701
entdecken,0.6931471805599453
ihr,0.6931471805599453
sein,0.6931471805599453
werden,1.277034259466139
durchführen,0.6365141682948128
gut,0.6931471805599453
zeigen,0.6931471805599453
besprechen,0.6931471805599453
möglich,0.6365141682948128
