lemma,shannon
klinisch,0.6931471805599453
der,1.5754793067010895
ein,1.5650265646583201
sein,1.7328679513998633
werden,0.8675632284814612
einige,0.6931471805599453
er,0.6931471805599453
haben,0.6931471805599453
malign,0.6931471805599453
individuell,0.6931471805599453
weit,0.6931471805599453
