lemma,shannon
klinisch,0.6931471805599453
der,1.6410594650296115
sein,1.7328679513998633
ein,1.4878167164014493
chronisch,0.6931471805599453
werden,0.9556998911125343
zeigen,1.0549201679861442
erfassen,0.6931471805599453
dies,0.6931471805599453
malign,0.6931471805599453
hoch,0.6931471805599453
neoplastisch,0.6931471805599453
