lemma,shannon
ein,1.5832584594204766
sichtbar,0.6931471805599453
der,1.6120665630308986
werden,1.277034259466139
sein,1.7917594692280554
umfassend,0.6931471805599453
dies,1.0397207708399179
postoperativ,0.6931471805599453
bleiben,0.6931471805599453
möglich,0.6931471805599453
erst,0.6931471805599453
rehabilitativ,0.6931471805599453
er,0.9556998911125343
helfen,0.6931471805599453
allgemein,0.6931471805599453
positiv,0.6365141682948128
zeigen,0.6365141682948128
