lemma,shannon
ein,1.7481554572476758
werden,0.5623351446188083
der,1.6776086627680633
emetogen,1.0986122886681096
sein,1.0986122886681096
induziert,0.6931471805599453
hoch,0.6931471805599453
beide,0.6931471805599453
weit,1.3321790402101223
oral,0.6931471805599453
