lemma,shannon
dies,1.0789922078775833
der,1.56063115066701
sein,1.310783678099714
ein,1.5857708352080968
depressiv,0.6365141682948128
können,1.0397207708399179
treten,0.6931471805599453
international,0.6365141682948128
leicht,0.6931471805599453
müssen,0.6931471805599453
werden,0.6931471805599453
stark,0.6931471805599453
klinisch,0.6931471805599453
subsyndromal,0.6931471805599453
solch,0.6931471805599453
diagnostisch,0.6931471805599453
