lemma,shannon
der,1.7700918721544354
ander,0.6931471805599453
sein,1.3296613488547582
ein,1.5367224694372195
natürlich,1.0986122886681096
dies,0.9002560512685369
haben,0.6931471805599453
zeigen,0.6365141682948128
relativ,0.6931471805599453
mittler,1.0986122886681096
hoch,1.0986122886681096
deutsch,0.6931471805599453
erhöht,0.6931471805599453
niedrig,0.6931471805599453
beruflich,0.6931471805599453
medizinisch,1.0397207708399179
jährlich,0.6931471805599453
