lemma,shannon
der,1.6041647202725082
sein,0.6829081047004717
ein,1.4241299173467734
verschieden,0.6931471805599453
dies,0.8675632284814612
weit,0.6931471805599453
werden,0.6365141682948128
können,0.6365141682948128
hoch,0.6365141682948128
zusätzlich,0.6931471805599453
jung,0.6365141682948128
paradigm,0.6931471805599453
