lemma,shannon
der,1.6069711119297905
ein,1.5508457063832817
werden,1.0549201679861442
beide,0.6365141682948128
hoch,0.6365141682948128
gut,0.6365141682948128
zeigen,0.6931471805599453
signifikant,0.5623351446188083
dies,0.5004024235381879
sein,0.6931471805599453
offen,0.6365141682948128
kontrolliert,0.6931471805599453
groß,0.6365141682948128
finden,0.6931471805599453
allgemein,0.6931471805599453
stark,0.6931471805599453
