lemma,shannon
der,1.560661482685308
sein,1.0986122886681096
ein,1.6726254461503207
haben,0.6931471805599453
ander,0.6931471805599453
relevant,0.6931471805599453
bestehend,0.6365141682948128
dies,1.0608569471580214
messen,0.6931471805599453
neu,1.0789922078775833
werden,1.5047882836811908
jen,0.6931471805599453
final,0.6931471805599453
gut,0.6931471805599453
positiv,0.6931471805599453
systematisch,0.6931471805599453
formal,0.6931471805599453
