lemma,shannon
der,1.6568547038794563
alt,1.2148896539491205
ein,1.4681399390162087
spezifisch,0.6931471805599453
jung,1.3321790402101223
häufig,0.6931471805599453
signifikant,0.6931471805599453
prognostisch,0.6365141682948128
dies,1.3862943611198906
kein,0.6931471805599453
negativ,0.6931471805599453
gelten,0.6931471805599453
werden,0.6365141682948128
bestehend,0.6931471805599453
fortgeschritten,0.6931471805599453
