lemma,shannon
der,1.7596848249279362
zeigen,1.0986122886681096
werden,0.5623351446188083
gut,1.0397207708399179
dies,1.0986122886681096
ein,1.4270610433807247
sein,1.3862943611198906
kein,0.6931471805599453
niedrig,0.6365141682948128
haben,0.6931471805599453
paradigm,0.6931471805599453
