lemma,shannon
der,1.6519931113502162
ein,1.7478680974667573
werden,1.0397207708399179
dies,0.6365141682948128
sein,1.7917594692280547
verschieden,0.6931471805599453
fallen,0.6931471805599453
bleiben,0.6931471805599453
