lemma,shannon
dies,1.5498260458782016
der,1.5544328269016834
wichtig,0.6931471805599453
verschieden,0.5623351446188083
ander,0.6931471805599453
ihr,1.0397207708399179
ein,1.5498260458782016
sein,0.5623351446188083
adjuvant,0.6931471805599453
werden,1.242453324894
mehrere,0.6931471805599453
wöchentlich,0.6931471805599453
können,0.6931471805599453
zeigen,0.6365141682948128
kein,0.6931471805599453
früh,0.6931471805599453
