lemma,shannon
der,1.7558518829778136
endoskopisch,0.6365141682948128
werden,0.8675632284814612
klassisch,0.6365141682948128
ein,0.8486855577264172
dies,1.0042424730540764
verbessert,0.6931471805599453
diagnostisch,0.6931471805599453
zeigen,1.0397207708399179
können,1.0397207708399179
virtuell,0.6365141682948128
ihr,0.6931471805599453
limitieren,0.6931471805599453
wenig,0.6931471805599453
sein,0.6931471805599453
klinisch,0.6931471805599453
zusätzlich,0.6931471805599453
