lemma,shannon
der,1.5342502741142923
werden,1.3321790402101223
verkürzt,0.6931471805599453
mehrere,0.6931471805599453
sein,1.0986122886681096
ein,1.0397207708399179
moderat,0.6931471805599453
signifikant,0.6931471805599453
gut,0.6931471805599453
dies,0.6365141682948128
konventionell,0.6365141682948128
kein,0.6931471805599453
unterschiedlich,0.6931471805599453
akzeleriert,0.6931471805599453
können,0.6931471805599453
Day,0.6931471805599453
reinforc,0.6931471805599453
