lemma,shannon
sein,1.0986122886681096
der,1.3743208605486334
haben,0.6931471805599453
werden,1.0375911080918452
erheben,0.5982695885852573
kein,0.900908873225472
können,0.8486855577264172
finden,1.4708084763221114
ein,1.1163670752893369
signifikant,1.0114042647073518
beide,0.6365141682948128
dies,0.6365141682948128
erhalten,0.6931471805599453
zeigen,0.6365141682948128
