lemma,shannon
der,1.1338815757516432
ein,1.4459387141357687
werden,0.5623351446188083
sein,1.0986122886681096
zeigen,1.351783994289646
haben,0.6931471805599453
können,0.6931471805599453
kein,0.6365141682948128
hoch,1.0986122886681096
neu,0.6931471805599453
dosisdicht,0.5623351446188083
dosisintensiviert,0.6931471805599453
konventionell,0.6931471805599453
