lemma,shannon
der,1.4524328037309673
werden,1.3760552852604169
ein,1.0017680654251162
sein,1.2636544318820966
zeigen,1.3862943611198906
skandinavisch,0.6931471805599453
günstig,0.6365141682948128
kein,0.6829081047004717
carboplatinhaltig,0.6931471805599453
signifikant,0.6365141682948128
können,1.0397207708399179
cisplatinhaltig,0.6931471805599453
dies,1.3862943611198906
lassen,0.6365141682948128
alternierend,1.0986122886681096
simultan,0.9556998911125343
