lemma,shannon
der,1.4299537974448642
lokal,0.6931471805599453
haben,0.6365141682948128
ein,1.5641315026219946
prognostisch,0.6931471805599453
mediastinal,1.0397207708399179
mehrere,1.0397207708399179
pr채operativ,0.5623351446188083
g체nstig,0.6931471805599453
dies,1.0397207708399179
werden,1.0114042647073516
ung체nstig,0.6931471805599453
klinisch,0.6931471805599453
sein,0.6730116670092565
multipl,0.6931471805599453
pr채therapeutisch,0.6931471805599453
