lemma,shannon
der,1.4655140155257322
bestehend,0.45056120886630463
werden,0.8979457248567797
um,0.6931471805599453
von,0.5623351446188083
können,0.5004024235381879
sein,0.6730116670092565
neu,0.6365141682948128
ein,1.4241299173467734
weiblich,0.6931471805599453
männlich,0.6931471805599453
bestehen,0.6931471805599453
haben,0.6365141682948128
gesichert,0.6931471805599453
alle,0.6365141682948128
dies,0.9502705392332347
klein,0.6931471805599453
