lemma,shannon
der,1.5450317899272321
sein,0.5004024235381879
alt,0.6365141682948128
individuell,1.0397207708399179
ein,1.3984938475273017
sollen,0.9502705392332347
werden,0.7937300551584247
randomisiert,1.0986122886681096
können,0.9556998911125343
zeigen,0.6365141682948128
klinisch,1.0397207708399179
liegen,0.6931471805599453
dies,1.0986122886681096
palliativ,0.6365141682948128
systemisch,0.6931471805599453
relevant,0.6365141682948128
chirurgisch,0.9502705392332347
