lemma,shannon
der,1.6682127716808701
werden,0.9002560512685369
ein,1.6326309271543522
verbessern,0.6931471805599453
dies,1.3862943611198906
sein,0.8675632284814612
mehrere,0.6931471805599453
kurz,0.6931471805599453
können,0.6365141682948128
beeinflussen,0.6931471805599453
wenig,0.6931471805599453
zeigen,0.5623351446188083
kein,1.0986122886681096
