human,continue,explain,create
0.0,0.0,0.0,0.0
0.0,0.0,0.010282161645145864,0.0
0.0,0.0,0.0,0.009585492227979275
0.06088631984585742,0.0019799179748267574,0.0017046146353342263,0.0
0.02354603249352484,0.0,0.0,0.0
0.006908981676179033,0.0,0.0,0.0
0.027303754266211604,0.004903162539838196,0.0,0.0
0.0,0.0,0.0,0.023519163763066203
0.026289780589049218,0.2612044817927171,0.0,0.0
0.0,0.0,0.0,0.0
