lemma,shannon
der,1.6761947766875656
stellen,0.6365141682948128
ein,1.5530191347034117
dies,1.5832584594204766
werden,1.242453324894
wichtig,0.6365141682948128
haben,0.6931471805599453
früh,1.3862943611198906
sein,2.133381930264545
zweit,0.6365141682948128
schaffen,0.6365141682948128
deutlich,0.6931471805599453
