lemma,shannon
gam,0.6881388137135884
be,0.5623351446188083
character,0.6730116670092565
design,0.2711893730418441
narrativ,0.6108643020548935
developer,0.5623351446188083
provide,0.6365141682948128
alternativ,0.6365141682948128
undertak,0.6931471805599453
player,0.6931471805599453
voice,0.6931471805599453
