lemma,shannon
der,1.6873995384447669
sein,1.769036161304013
ein,1.495615780172503
wichtig,0.5623351446188083
lateinisch,0.5004024235381879
dies,1.4681399390162084
ermöglichen,1.0397207708399179
deutsch,0.5623351446188083
werden,0.5623351446188083
haben,0.6365141682948128
visuell,0.6365141682948128
