human,continue,explain,create
0.0070052539404553416,,,
0.013108614232209739,0.0030721966205837174,,0.003827751196172249
0.0029282576866764276,0.0032258064516129032,,0.004629629629629629
0.0009551098376313276,,0.0024449877750611247,0.008919722497522299
0.006858710562414266,,0.0011312217194570137,0.0011494252873563218
0.00258732212160414,,,
,0.0031201248049922,,0.007608695652173913
0.004672897196261682,,0.0011750881316098707,0.5156555772994129
,,,0.001314060446780552
0.014223194748358862,,,
