lemma,shannon
busineß,0.6365141682948128
chang,0.6931471805599453
consumer,0.6365141682948128
