lemma,shannon
der,1.6300375182271578
dies,1.277034259466139
wir,0.5982695885852573
haben,1.2148896539491203
sein,0.9433483923290391
wichtig,0.6365141682948128
werden,1.2798542258336674
ein,1.0751393240053735
können,1.4708084763221112
sozial,0.6365141682948128
hoch,1.351783994289646
wirtschaftlich,0.6931471805599453
ihr,0.6931471805599453
