lemma,shannon
werden,1.3321790402101223
sein,0.7963116401738131
ein,1.103432909638192
der,1.6008296371325994
mögen,0.6931471805599453
unterhaltsam,0.6365141682948128
dies,1.0397207708399179
ihr,0.9556998911125343
vermitteln,0.6365141682948128
relevant,0.6931471805599453
