lemma,shannon
der,1.6741659505518571
sie,0.6730116670092565
neu,1.0397207708399179
erfinden,0.6931471805599453
sein,0.7356219397587946
zunehmend,0.6931471805599453
dies,1.0986122886681096
einstig,0.6931471805599453
haben,0.6365141682948128
werden,1.0986122886681096
ihr,1.15374194270109
bieten,0.6365141682948128
ein,1.6064656356884188
rein,0.6931471805599453
digital,0.6931471805599453
gut,0.6931471805599453
