lemma,shannon
enthüllen,0.6931471805599453
neu,1.0397207708399179
golden,1.1189688668816267
der,1.6443325903136747
haben,0.6837389058487535
ein,1.4443559324814563
bemerkenswert,0.6365141682948128
renommiert,0.6931471805599453
norwegisch,0.6931471805599453
sein,1.9157459075205756
atemberaubend,0.6931471805599453
klassisch,0.6931471805599453
außergewöhnlich,0.9502705392332347
international,0.6365141682948128
musikalisch,1.3296613488547582
ihr,1.351783994289646
einzigartig,0.9502705392332347
ich,0.6931471805599453
groß,0.6931471805599453
dies,0.8486855577264172
bieten,0.6931471805599453
warm,0.6931471805599453
werden,0.8599672810355049
unterstützen,0.5623351446188083
ganz,0.6931471805599453
inspirierend,0.6931471805599453
bahnbrechend,0.6931471805599453
weit,0.6365141682948128
unser,0.6365141682948128
zeigen,0.6931471805599453
lassen,0.6365141682948128
verzaubern,0.6931471805599453
