lemma,shannon
künstlich,0.6931471805599453
werden,1.0397207708399179
der,1.776710124592064
sein,1.7233917060220523
ein,1.3661588475692017
haben,0.6730116670092565
ihr,1.3862943611198906
erklären,0.6931471805599453
wir,0.45056120886630463
nutzen,0.6931471805599453
dies,1.242453324894
enorm,0.6365141682948128
unser,1.277034259466139
können,0.9502705392332347
personalisiert,0.6931471805599453
