lemma,shannon
der,1.7281792400736449
ein,1.50346078725383
werden,1.0027182645175161
haben,0.45056120886630463
viel,1.0986122886681096
sein,0.8855741515766717
weit,1.3862943611198906
dies,1.7351264569629226
machen,0.6931471805599453
faszinierend,0.6365141682948128
beeindruckend,0.6931471805599453
gesellschaftlich,0.6931471805599453
erkennen,0.6931471805599453
international,0.6365141682948128
alle,0.6931471805599453
