lemma,shannon
der,1.615553934384654
ein,1.4708084763221112
haben,1.464816384890813
möglich,0.6931471805599453
sein,1.7201934592198251
ihr,1.0397207708399179
weltweit,0.6365141682948128
dies,0.6829081047004717
viel,0.5623351446188083
werden,1.7328679513998633
beginnen,0.6931471805599453
alle,1.0397207708399179
erschwinglich,0.6365141682948128
machen,0.6365141682948128
müssen,0.6931471805599453
können,0.6931471805599453
verstärkt,0.6931471805599453
einige,0.6931471805599453
