lemma,shannon
ein,1.5680271199875566
ihr,1.2130075659799042
der,1.6338277600348399
haben,0.7963116401738131
dies,0.8675632284814612
zeigen,1.0114042647073516
effektiv,1.351783994289646
können,0.5623351446188083
erkennen,0.5623351446188083
nutzen,0.6931471805599453
innovativ,0.5623351446188083
verschieden,0.5623351446188083
ergreifen,0.6365141682948128
sein,1.0986122886681098
proaktiv,1.0986122886681096
ermöglichen,0.5623351446188083
werden,0.9556998911125343
unser,1.4681399390162087
wir,0.410116318288409
handeln,0.6365141682948128
schnell,1.0397207708399179
unterstützen,0.6931471805599453
verdeutlichen,0.6365141682948128
Ihr|ihr,0.5623351446188083
ander,0.6931471805599453
entscheidend,0.6931471805599453
bleiben,0.37677016125643675
neu,1.3321790402101223
kontinuierlich,1.0114042647073516
zunehmend,0.6931471805599453
verlässlich,0.6931471805599453
ständig,0.6931471805599453
stellen,0.6931471805599453
sicher,1.0986122886681096
