lemma,shannon
der,1.5078395436936727
unser,0.9002560512685369
werden,0.45056120886630463
dies,1.2047933096947843
entwickeln,0.6931471805599453
führend,0.6365141682948128
sein,1.3114313374732376
wir,0.5859526183035508
haben,0.6931471805599453
ein,1.39539709232679
ihr,1.0397207708399179
geben,0.6931471805599453
können,1.1988493129136213
gut,0.6931471805599453
leicht,0.6931471805599453
enorm,0.6931471805599453
verwandt,0.6931471805599453
wichtig,0.6931471805599453
