lemma,shannon
der,1.674240371310555
britisch,0.6365141682948128
ihr,1.0114042647073516
sein,0.6837389058487535
mächtig,0.6931471805599453
haben,0.5623351446188083
ein,1.2622431674900145
spielen,0.6365141682948128
wirtschaftlich,0.6365141682948128
werden,0.9502705392332347
treffen,0.6365141682948128
dies,1.0549201679861442
geldpolitisch,0.5623351446188083
wichtig,0.6931471805599453
möglich,0.6931471805599453
international,1.0986122886681096
