lemma,shannon
der,1.7600147431427797
neu,0.6931471805599453
bieten,0.6931471805599453
haben,1.1490596969706202
wir,0.6730116670092565
verändern,0.6931471805599453
sein,1.5832584594204766
können,0.45056120886630463
dies,0.6730116670092565
werden,1.3321790402101223
ein,1.412744636863848
ermöglichen,0.6365141682948128
setzen,0.6931471805599453
jed,0.6931471805599453
erweitern,0.6931471805599453
zusätzlich,0.6931471805599453
welch,0.6365141682948128
sorgen,0.6931471805599453
