lemma,shannon
der,1.7311702801139885
ein,1.4398298923439505
sein,1.836066525123314
jung,0.6931471805599453
er,0.5004024235381879
werden,1.0397207708399179
dies,1.3862943611198906
können,0.5623351446188083
beide,0.6931471805599453
groß,1.3862943611198906
haben,0.6730116670092565
wir,0.6931471805599453
ihr,0.6931471805599453
lassen,0.6931471805599453
bleiben,0.6931471805599453
