lemma,shannon
ton,0.6931471805599453
performanc,0.6365141682948128
