lemma,shannon
ein,1.4843373065495533
nachhaltig,0.6931471805599453
der,1.604728041283332
bieten,0.5623351446188083
dies,1.1490596969706202
haben,0.6730116670092565
können,0.8675632284814612
wichtig,1.0986122886681096
werden,0.9002560512685369
leisten,0.6365141682948128
positiv,0.5623351446188083
sein,0.9649629230074277
solch,1.0986122886681096
liegen,0.6931471805599453
ihr,1.0397207708399179
weit,0.6931471805599453
zeigen,0.6365141682948128
