lemma,shannon
The,0.45056120886630463
be,0.6931471805599453
