lemma,shannon
on,0.410116318288409
challeng,0.6365141682948128
employee,0.5623351446188083
career,0.5623351446188083
athlet,0.5623351446188083
rol,0.6931471805599453
investment,0.6931471805599453
enhanc,0.6931471805599453
tak,1.0986122886681096
obstacl,0.6931471805599453
th,0.6931471805599453
