lemma,shannon
ein,1.6256836532331815
der,1.733627457446647
sein,1.6957425341696346
dies,1.5571130980576458
können,0.9433483923290391
erfolgreich,0.5004024235381879
eigen,0.6365141682948128
ich,0.410116318288409
er,0.5623351446188083
entscheidend,0.6931471805599453
haben,1.242453324894
werden,0.9556998911125343
neu,0.5004024235381879
groß,0.6931471805599453
ermöglichen,0.6931471805599453
innovativ,0.6931471805599453
bedeuten,0.6931471805599453
zeigen,0.6365141682948128
