lemma,shannon
der,1.7152287917794937
urban,0.6730116670092565
ein,1.4897673640073499
sein,1.9338099989206319
haben,0.6365141682948128
entwickeln,0.6365141682948128
dies,1.0986122886681096
international,0.6365141682948128
er,0.45056120886630463
zeigen,0.6931471805599453
werden,1.3296613488547582
weit,1.0986122886681096
nachhaltig,1.0986122886681096
effektiv,0.6931471805599453
neu,0.6931471805599453
innovativ,0.6931471805599453
wir,0.6931471805599453
ihr,0.6931471805599453
