lemma,shannon
ein,1.482709508903449
der,1.6850532739830235
brasilianisch,0.5982695885852573
sein,1.240684291953396
haben,0.45056120886630463
dies,0.6365141682948128
international,0.9502705392332347
machen,0.6365141682948128
attraktiv,0.6931471805599453
spielen,0.6931471805599453
groß,1.0397207708399179
können,1.0397207708399179
werden,1.0397207708399179
wichtig,0.6931471805599453
bleiben,0.6365141682948128
