lemma,shannon
der,1.7548261339539488
ein,1.3966130953679046
wichtig,0.6365141682948128
werden,0.6829081047004717
haben,1.053395498360576
sein,1.9780068613321153
ihr,1.2406842919533958
gut,0.5004024235381879
wertvoll,1.0986122886681096
fühlen,0.6365141682948128
ich,0.5004024235381879
können,1.2130075659799042
mein,0.6931471805599453
dies,1.4184836619456564
ermöglichen,0.5623351446188083
wir,0.6765259604934999
unser,1.5065784162603733
maßgeschneidert,0.5623351446188083
identifizieren,0.6931471805599453
gewinnen,0.6931471805599453
persönlich,0.6365141682948128
er,0.6365141682948128
nehmen,0.6931471805599453
weit,0.6931471805599453
digital,0.6829081047004717
führen,0.6931471805599453
neu,0.5623351446188083
mobil,0.5623351446188083
individuell,0.5623351446188083
strategisch,0.6931471805599453
einzigartig,0.6365141682948128
sie,0.6365141682948128
kontinuierlich,0.6931471805599453
schaffen,0.6931471805599453
gelingen,0.6931471805599453
