lemma,shannon
der,1.5808185358593017
neu,1.0114042647073518
ein,1.6304325826288886
innovativ,0.6365141682948128
werden,1.0608569471580214
virtuell,0.5623351446188083
bieten,0.6931471805599453
sie,0.6365141682948128
ihr,1.4750763110546947
finanziell,0.6931471805599453
sein,1.0397207708399179
dies,0.9556998911125343
ermöglichen,0.6365141682948128
fundiert,0.6931471805599453
müssen,0.6365141682948128
