lemma,shannon
der,1.7547721266389844
ein,1.6307991045856434
werden,0.6931471805599453
sein,1.920603263841785
lang,0.6931471805599453
haben,0.6108643020548935
beginnen,0.6931471805599453
er,0.9075352941050092
viel,0.6931471805599453
alle,0.6931471805599453
können,1.0986122886681096
spannend,0.6931471805599453
sozial,0.6931471805599453
