lemma,shannon
der,1.7008456245674095
Ihr|ihr,0.6931471805599453
werden,1.0908672785734947
eigen,0.6931471805599453
ein,1.2831726480161034
sein,1.0027182645175161
haben,0.6931471805599453
jung,1.0114042647073516
stellen,1.0986122886681096
bieten,0.6365141682948128
bestehen,0.6365141682948128
interessiert,0.6931471805599453
dies,1.3296613488547582
