lemma,shannon
dies,1.0986122886681096
der,1.7035155780563012
werden,0.8082699580001821
weltweit,1.0986122886681096
sein,1.5171063970610277
ein,1.4956157801725032
haben,0.6365141682948128
spielen,0.6931471805599453
groß,1.3321790402101223
sie,0.6365141682948128
wirtschaftlich,1.0986122886681096
ihr,1.0549201679861442
können,1.3862943611198906
nachhaltig,0.6931471805599453
