lemma,shannon
der,1.7726049004497382
jung,0.6365141682948128
gewinnen,0.6931471805599453
haben,0.6829081047004717
ein,1.3579778549873245
ihr,1.3862943611198906
spielen,0.5623351446188083
sein,1.4270610433807247
gemeinsam,0.6931471805599453
künstlerisch,0.5623351446188083
zeitgenössisch,0.6365141682948128
musikalisch,1.0397207708399179
geben,0.6365141682948128
zeigen,0.6931471805599453
interpretieren,0.6931471805599453
ander,0.6931471805599453
wollen,0.6931471805599453
