lemma,shannon
der,1.7602700147614188
werden,0.6474466390346325
ein,1.447987114096119
dies,1.15374194270109
führen,0.6931471805599453
jährlich,0.6730116670092565
sein,0.9596147939120492
elektronisch,0.5623351446188083
administrativ,0.6365141682948128
kein,0.6931471805599453
