lemma,shannon
der,1.4092039085170949
haben,0.6931471805599453
sein,1.5047882836811908
werden,1.0027182645175161
dies,1.0397207708399179
bestimmt,0.6931471805599453
wertvoll,0.6931471805599453
ein,1.0114042647073518
separat,0.6931471805599453
steigen,0.6931471805599453
betragen,0.6931471805599453
letzt,1.0986122886681096
ander,0.6931471805599453
erst,0.6365141682948128
