lemma,shannon
der,1.3130224489326392
ein,1.0888999753452235
werden,1.2945451658448959
schaffen,0.6365141682948128
sie,0.6931471805599453
erst,1.0397207708399179
stammen,0.6931471805599453
sollen,0.6365141682948128
ihr,0.6365141682948128
dies,0.6931471805599453
kein,0.6931471805599453
sein,0.6829081047004717
ander,0.6931471805599453
stellen,1.0397207708399179
neu,1.0549201679861442
