lemma,shannon
der,1.7106107701223368
ein,1.432213904360235
global,0.6931471805599453
haben,0.6931471805599453
dies,0.6365141682948128
hoch,0.6365141682948128
weit,0.6365141682948128
sein,0.6931471805599453
können,0.6365141682948128
ander,0.6931471805599453
besitzen,0.6931471805599453
weltweit,0.6931471805599453
