lemma,shannon
der,1.3921887267121777
ihr,1.0549201679861442
neu,0.410116318288409
dies,1.1685184057430877
werden,0.9002560512685369
entwickeln,0.6365141682948128
haben,0.410116318288409
durchführen,0.6365141682948128
sein,0.3250829733914482
ein,1.1822230016451067
stabil,0.6365141682948128
intensiv,0.6931471805599453
analysieren,0.6931471805599453
effektiv,1.0986122886681096
können,1.0397207708399179
eng,0.6365141682948128
ander,0.6931471805599453
wichtig,0.6931471805599453
