lemma,shannon
der,1.6972916177218185
sein,1.8681202589971189
er,0.4702359623552492
haben,0.5982695885852573
werden,1.0027182645175161
lang,0.6931471805599453
wichtig,0.6931471805599453
ein,1.3778195080390327
wohnen,0.6931471805599453
können,1.1682824501765625
viel,0.6615632381579821
sammeln,0.6365141682948128
groß,0.6931471805599453
müssen,0.6931471805599453
