lemma,shannon
der,1.6922306663683222
planen,0.6931471805599453
können,1.0549201679861442
ihr,0.6931471805599453
dies,0.9502705392332347
sein,1.240684291953396
alle,0.6365141682948128
werden,1.4241299173467734
ein,1.4614721293040243
wichtig,0.6931471805599453
hoch,0.6931471805599453
erfolgreich,0.6931471805599453
bekannt,0.6365141682948128
jed,0.6931471805599453
stark,0.6931471805599453
