lemma,shannon
der,1.67997188681929
ein,1.5472867333409475
können,0.5004024235381879
ihr,1.0986122886681096
letzt,0.6931471805599453
haben,0.6365141682948128
prognostizieren,0.6931471805599453
dies,1.3321790402101223
historisch,0.6931471805599453
werden,1.1490596969706202
zeigen,0.6931471805599453
sein,1.2730283365896256
steigen,0.6365141682948128
steigend,0.6931471805599453
rückläufig,0.6931471805599453
alle,1.0986122886681096
geben,0.6365141682948128
