lemma,shannon
der,1.4657912176628505
ihr,1.490692033425656
professionell,0.6365141682948128
sein,1.1682824501765625
sportlich,0.8486855577264172
ein,1.6094379124341003
helfen,0.5623351446188083
sie,0.5623351446188083
er,0.6365141682948128
ander,0.6931471805599453
können,0.5623351446188083
dies,0.6931471805599453
gut,0.6931471805599453
