lemma,shannon
der,1.7227259557929755
indisch,0.6365141682948128
sein,0.47413931305783735
ein,1.389265126908169
dies,1.3321790402101223
neu,0.5004024235381879
genau,0.6931471805599453
werden,0.5004024235381879
groß,1.329661348854758
viel,1.0986122886681096
wirtschaftlich,1.0986122886681096
wichtig,0.6931471805599453
steigend,0.6931471805599453
fehlend,0.6931471805599453
