lemma,shannon
der,1.3895640784128138
neu,0.6365141682948128
werden,0.9551311954514641
kein,0.6931471805599453
geben,0.410116318288409
sicher,0.6365141682948128
genau,1.0397207708399179
wichtig,0.5623351446188083
sein,1.0832550105185086
ein,1.2519894208137132
staatlich,0.6931471805599453
finanziell,0.6365141682948128
gewährleisten,0.6931471805599453
bleiben,0.6365141682948128
können,0.5297061990576545
dies,0.9556998911125343
bestimmt,0.6931471805599453
