lemma,shannon
der,1.4648847185272897
europäisch,0.6931471805599453
international,0.6931471805599453
ein,1.4735023850806486
finanziell,0.6931471805599453
können,0.5623351446188083
sein,0.8675632284814612
intelligent,0.6931471805599453
werden,0.6829081047004717
dies,1.351783994289646
überwinden,0.6931471805599453
ihr,1.3321790402101223
positiv,0.6931471805599453
gesellschaftlich,0.6365141682948128
