lemma,shannon
der,1.603180497428294
haben,0.45056120886630463
irisch,0.6931471805599453
ein,1.482709508903449
können,0.6931471805599453
schaffen,0.6931471805599453
es,0.6365141682948128
bleiben,0.5623351446188083
dies,1.3296613488547582
kommen,0.6931471805599453
werden,0.6931471805599453
sein,1.193549604098133
hoch,0.6931471805599453
