lemma,shannon
können,0.6365141682948128
der,1.4277261292943761
wirklich,0.6931471805599453
geben,0.9556998911125343
ein,1.1369165918330009
liefern,1.0986122886681096
werden,0.6108643020548935
wir,0.6931471805599453
dies,1.5498260458782016
wichtig,1.3862943611198906
sein,1.0317671113505356
führen,0.6365141682948128
ihr,0.6931471805599453
