human,continue,explain,create
0.0,0.0,0.03243501073217267,0.0
0.0,0.0,0.0,0.030548745992834244
0.0,0.020355292376017766,0.01444280321680617,0.055417700578990904
0.01875732708089097,0.0,0.10874976067394218,0.0
0.0,0.052083333333333336,0.0,0.06655574043261231
0.0,0.0,0.023412443874278384,0.018193357309075522
0.0,0.0,0.0,0.0
0.0,0.0,0.0,0.016042780748663103
0.0,0.0,0.0,0.028836251287332648
0.0,0.10436542353281295,0.0,0.0
