gpt,human
20.72636363636364,23.29397020443671
17.223025726794233,15.943245631493056
20.339427917620142,22.087586546580354
19.620751066422912,23.509917858229382
19.00208265174344,19.905279119699408
23.179682089128583,23.74658634538153
18.041102452846893,14.229312169312166
24.31835215992333,21.192809852216747
19.5,17.43711761211761
20.643114823133075,27.561783238815373
