gpt,human
22.97414141414141,22.970991735537183
16.14168330955777,17.789101620029452
22.9275057208238,21.975789473684213
19.92270566727605,22.1690944123314
19.62225742574258,21.212757201646088
25.45889298892988,22.25927710843373
18.7640733197556,16.177613168724278
27.328133086876157,24.475352380952376
20.10666666666666,18.800231660231663
22.163722627737226,22.508809073724013
