gpt,human
3.598361735616844,3.739945470871661
3.3821620090905533,3.332174497128487
3.396291411709844,3.747714148052712
3.4441678446300514,3.674642417494423
3.662468312241643,3.5128235037954783
3.3412960516128853,4.052136255468244
3.4630195491375355,3.091591681445181
3.369698499297181,3.3936855631913145
3.859740916511495,3.0401226303447078
3.210297211880795,4.131309016233151
