gpt,human
0.731444332998997,0.0
0.5505008347245409,0.0
0.3584798638684061,0.015625
0.1591796875,0.0
0.6312038014783526,0.0
0.569810498802004,0.0156833457804331
0.4949972206781545,0.0
0.2529510961214165,0.0185772541912097
0.8554417718504406,0.0276923076923076
0.8028427326914259,0.0
