gpt,human
0.7907428815960884,0.4884286393514938
0.7656033177460942,0.5729059725999832
0.7955614003268155,0.6278104679659009
0.7642576253932455,0.7906422714392344
0.7458898641846397,0.575761045244607
0.7417784190177917,0.6535999932709862
0.7433130795305426,0.4351047625144322
0.7820395838755828,0.6246977586831365
0.7685945282379786,0.5897837567329407
0.6177561616897583,0.5669983365972128
