gpt,human
24.08161616161616,24.48699434536755
19.711761522947512,18.474561159097245
21.879176201373,22.84964818463271
21.10935405240707,24.56793428658351
19.792509685751185,20.057112184648417
21.991598069826853,24.560642570281125
21.24788807225715,16.901704879482658
23.61555418634901,21.48899835796388
20.55567567567568,18.47116127116127
23.90522178551376,27.566023944549467
