gpt,human
64.04242424242425,69.68856024358416
55.41349795858134,54.87565179317757
62.47826086956522,65.2580917534478
61.00007617306521,69.31964303823142
62.15454154111063,61.25389157273215
66.04910587567414,66.62248995983936
59.84069777738422,51.101998824221056
64.39932908879305,60.198686371100166
57.33513513513513,54.47906147906147
59.580572711959576,75.72035286704474
