gpt,human
0.1243144424131627,0.1076642335766423
0.035064935064935,0.0776196636481241
0.0556701030927835,0.0307377049180327
0.0233333333333333,0.061056105610561
0.0228873239436619,0.0723104056437389
0.0616666666666666,0.0565723793677204
0.0330882352941176,0.0786106032906764
0.0135363790186125,0.023372287145242
0.014516129032258,0.0612903225806451
0.0096618357487922,0.0483870967741935
