gpt,human
0.0475319926873857,0.0401459854014598
0.0285714285714285,0.0491591203104786
0.0474226804123711,0.0512295081967213
0.03,0.0462046204620462
0.0246478873239436,0.037037037037037
0.02,0.0366056572379367
0.0404411764705882,0.0292504570383912
0.0203045685279187,0.021702838063439
0.0467741935483871,0.0354838709677419
0.0257648953301127,0.0564516129032258
