gpt,human
0.2212065813528336,0.2244525547445255
0.1909090909090909,0.1901681759379042
0.2041237113402061,0.1987704918032787
0.245,0.2326732673267326
0.204225352112676,0.1887125220458553
0.2483333333333333,0.2346089850249584
0.2040441176470588,0.1755027422303473
0.2521150592216582,0.2604340567612688
0.2080645161290322,0.182258064516129
0.2286634460547504,0.1741935483870967
