gpt,human
0.1060329067641681,0.1058394160583941
0.0922077922077922,0.0802069857697283
0.0969072164948453,0.0840163934426229
0.0916666666666666,0.0792079207920792
0.0862676056338028,0.0987654320987654
0.0716666666666666,0.0665557404326123
0.0643382352941176,0.0511882998171846
0.1218274111675127,0.0901502504173622
0.0741935483870967,0.0709677419354838
0.1127214170692431,0.0951612903225806
