gpt,human
0.1828153564899451,0.1496350364963503
0.1675324675324675,0.1241914618369987
0.1381443298969072,0.1311475409836065
0.1883333333333333,0.132013201320132
0.1549295774647887,0.1269841269841269
0.1383333333333333,0.1364392678868552
0.1176470588235294,0.1352833638025594
0.1539763113367174,0.1218697829716193
0.1064516129032258,0.1129032258064516
0.1368760064412238,0.114516129032258
