gpt,human
0.0914076782449725,0.0802919708029197
0.0727272727272727,0.07503234152652
0.0948453608247422,0.0881147540983606
0.065,0.0973597359735973
0.0774647887323943,0.0652557319223985
0.0883333333333333,0.0615640599001663
0.0790441176470588,0.0840950639853747
0.0913705583756345,0.0534223706176961
0.1048387096774193,0.0661290322580645
0.0821256038647343,0.0725806451612903
