gpt,human
0.0127970749542961,0.010948905109489
0.0038961038961038,0.0116429495472186
0.0206185567010309,0.0163934426229508
0.0066666666666666,0.0148514851485148
0.0176056338028169,0.0123456790123456
0.0066666666666666,0.0083194675540765
0.0055147058823529,0.0036563071297989
0.0219966159052453,0.010016694490818
0.0177419354838709,0.0048387096774193
0.0161030595813204,0.0129032258064516
