gpt,human
0.0950639853747714,0.1131386861313868
0.0896103896103896,0.1228978007761966
0.0989690721649484,0.1352459016393442
0.0883333333333333,0.1419141914191419
0.1109154929577464,0.1340388007054673
0.095,0.1597337770382695
0.0974264705882353,0.1115173674588665
0.0846023688663282,0.1168614357262103
0.1,0.164516129032258
0.1143317230273752,0.1370967741935483
