gpt,human
0.0699998365300446,0.0572848468948222
0.0449579626727557,0.0835087920416736
0.0592737357971363,0.0759301403598828
0.0727795263753004,0.0818864354141873
0.0558234375082095,0.11283922968658
0.0558748553271898,0.0612882386131005
0.0672424193126168,0.0545358399634885
0.0869169700992851,0.1145881009095877
0.0528108372936632,0.0863728805355354
0.1345047264997068,0.0509399592058856
