gpt,human
0.2464646464646464,0.6528925619834711
0.3195435092724679,0.6303387334315169
0.3935926773455377,0.5765550239234449
0.4351005484460695,0.630057803468208
0.299009900990099,0.6275720164609053
0.3136531365313653,0.5843373493975904
0.3543788187372709,0.5699588477366255
0.4029574861367837,0.5714285714285714
0.245045045045045,0.5444015444015444
0.2737226277372263,0.6332703213610587
