gpt,human
19.8,25.473684210526315
24.17241379310345,18.35135135135135
19.0,24.58823529411765
22.791666666666668,27.31578947368421
21.956521739130437,21.130434782608692
20.846153846153847,27.666666666666668
21.347826086956523,17.357142857142858
20.03703703703704,18.103448275862068
22.2,19.923076923076923
21.07692307692308,35.266666666666666
