gpt,human
4.841487374764082,12.445114962369484
9.972614105872008,14.675252594568516
5.882915574115773,12.324336629466163
7.076835254704056,10.573316123639524
3.556723710646532,11.280241856126278
5.544868089520031,12.454361128179604
7.04401500907083,9.103430615959669
5.38503744257062,6.304595081674662
6.29285308902091,12.409435234539751
7.400223889144669,25.472774136756723
