gpt,human
19.287186520377343,20.367271093001104
17.202604967454466,16.040548753680543
18.007057608781377,19.287186520377343
18.062587368997235,20.565417498105408
17.173022296789483,17.273696863636044
18.367666899608576,20.581828153500812
18.007057608781377,15.004783243502246
19.099076657604872,17.635736875867398
17.671377868339608,16.194650593361626
19.441812881015885,22.808384641470077
