gpt,human
4.249215343760448,4.222118938889593
3.0817231722831093,3.4180670253624803
3.99351069944618,4.293514616190067
3.865665187937725,4.117105873256589
3.695208681427097,4.130826911066968
4.920369147038651,4.346580241315794
3.2772787612075907,3.083924917604865
5.143280388148201,5.091252914148703
3.9229822571342057,3.6722028831474978
3.937028888334389,4.371040188714764
