gpt,human
0.0112838515546639,0.0076962544894817
0.0244156928213689,0.0040559724193875
0.0374361883153715,0.0105168269230769
0.008544921875,0.0120802126117419
0.0168954593453009,0.0078492935635792
0.0117621433238945,0.0099576798605924
0.0300166759310728,0.0058979652020053
0.0063237774030354,0.0237879474399637
0.0200047630388187,0.0143589743589743
0.0350756533700137,0.0070888468809073
