gpt,human
0.0511534603811434,0.0
0.0104340567612687,0.0
0.0249574588769143,0.0
0.020751953125,0.0
0.0211193241816261,0.010465724751439
0.0117621433238945,0.0139407518048294
0.0575319622012229,0.0115010321439103
0.0354131534569983,0.00747621205256
0.015003572279114,0.0092307692307692
0.0320953690967446,0.0
