gpt,human
0.0451354062186559,0.0
0.0175292153589315,0.0
0.0280771412365286,0.0
0.0205078125,0.0
0.0211193241816261,0.0
0.0294053583097364,0.0112023898431665
0.0416898276820455,0.0
0.0337268128161888,0.0
0.0285782329125982,0.0
0.0369096744612563,0.0
