human,continue,explain,create
0.0,0.0,0.0477792732166891,0.012685643564356437
0.0,0.0,0.13309761333501705,0.0
0.018095238095238095,0.026460481099656357,0.06525769373377827,0.0
0.038468720821662,0.0,0.054910242872228086,0.01742749382234361
0.01537307836520435,0.0,0.0,0.015548151673806123
0.0,0.02648323301805675,0.10328022492970947,0.0
0.0,0.01256018421603517,0.0,0.0
0.0106539309331374,0.0,0.0,0.026515151515151516
0.014723926380368098,0.0,0.0,0.0
0.00346353665576294,0.0,0.013748657357679914,0.0
