human,continue,explain,create
0.001594896331738437,,,
,0.0012239902080783353,,
,,,0.0014084507042253522
