lemma,shannon
der,1.5583188852041596
ein,1.1461484311970067
werden,0.5908422462755826
sein,1.0285137640248474
kontrastmittelverstärkt,0.6365141682948128
sollen,0.5623351446188083
können,0.8982053397041498
erkennen,0.6931471805599453
dies,1.0397207708399179
gut,1.0114042647073516
genau,0.5004024235381879
bieten,0.6931471805599453
individuell,0.6931471805599453
weit,0.6931471805599453
erfolgen,0.6931471805599453
chirurgisch,0.6931471805599453
