lemma,shannon
der,1.5715061200052527
sein,1.204793309694784
ein,1.067079685703125
interdisziplinär,0.6931471805599453
werden,0.45056120886630463
müssen,0.5623351446188083
eng,0.6365141682948128
verschieden,0.6931471805599453
dies,0.6931471805599453
können,0.5623351446188083
alle,0.6931471805599453
groß,0.6931471805599453
spielen,0.6931471805599453
wichtig,0.6931471805599453
schnell,0.6931471805599453
relevant,0.6931471805599453
