lemma,shannon
sein,1.559581156259877
der,1.6583304639617704
allgemein,0.6931471805599453
kein,0.6365141682948128
ein,1.26100156517892
werden,0.6210863745552451
diagnostisch,1.0397207708399179
unterziehen,0.6365141682948128
durchführen,0.6365141682948128
verdächtig,0.6931471805599453
histopathologisch,0.6365141682948128
verschieden,1.0986122886681096
zellbasiert,0.6931471805599453
mikroskopisch,0.6931471805599453
