lemma,shannon
klinisch,0.6931471805599453
der,1.6895353951650365
ein,1.7092713643970767
allgemein,0.6931471805599453
haben,0.6931471805599453
sein,0.5004024235381879
ihr,0.9743147528693494
dies,0.9743147528693494
regelmäßig,0.6931471805599453
werden,0.5623351446188083
empfohlen,0.6931471805599453
sollen,0.5623351446188083
können,0.6931471805599453
systematisch,0.6931471805599453
ander,1.0986122886681096
präventiv,0.5623351446188083
ausführlich,0.6931471805599453
