lemma,shannon
ein,1.2571535636754165
der,1.7521470876784162
zeigen,0.5623351446188083
werden,0.887694275799104
sein,1.4270610433807247
wichtig,0.6365141682948128
möglich,1.0986122886681096
durchführen,0.6365141682948128
dies,0.6365141682948128
prätherapeutisch,0.6931471805599453
kein,1.0397207708399179
entfernen,0.6931471805599453
