lemma,shannon
der,1.6387350203956252
klagen,0.6931471805599453
ein,1.6623769591928224
chronisch,0.6365141682948128
ständig,0.6931471805599453
haben,0.5623351446188083
sein,0.6365141682948128
ihr,1.7478680974667573
werden,1.0114042647073518
können,0.7963116401738131
begleitend,0.6931471805599453
ergänzend,0.6931471805599453
möglich,0.6931471805599453
dies,0.6931471805599453
