lemma,shannon
der,1.6230826031502386
sein,1.0789922078775833
ander,0.6365141682948128
sollen,0.7356219397587946
ein,1.506926832581595
anstreben,0.9502705392332347
körperlich,1.0789922078775833
werden,0.9019513816860839
gesund,0.6365141682948128
pflanzlich,0.6365141682948128
dies,1.0986122886681096
haben,0.6365141682948128
zeigen,0.6931471805599453
finden,0.6931471805599453
signifikant,0.6931471805599453
ähnlich,0.6931471805599453
