lemma,shannon
der,1.2869786694840963
gehen,0.6365141682948128
verschieden,0.9433483923290391
biliary,1.0397207708399179
werden,0.6931471805599453
dies,0.6829081047004717
ein,1.2830041293692704
transpapillär,0.6365141682948128
sein,1.277034259466139
hoch,0.6365141682948128
können,0.6837389058487535
weit,1.15374194270109
ausschließen,0.6931471805599453
biliär,0.5623351446188083
zeigen,1.0397207708399179
genau,0.6931471805599453
visuell,0.6931471805599453
neu,0.6931471805599453
