lemma,shannon
sein,1.2945451658448959
ein,1.3097558619082146
häufig,0.6365141682948128
fortgeschritten,0.6931471805599453
können,0.8599672810355049
der,1.5941876547204805
skelettal,0.45056120886630463
individuell,0.6931471805599453
dies,0.6730116670092565
beide,0.6931471805599453
werden,0.8486855577264172
müssen,0.6931471805599453
behandeln,0.6931471805599453
umfassen,0.6931471805599453
erhöht,0.6365141682948128
