lemma,shannon
der,1.521448907102266
enthalten,0.6365141682948128
ein,1.1988493129136213
geben,0.5004024235381879
viel,0.6931471805599453
werden,0.8033149761408755
bestimmt,0.6931471805599453
dies,1.0397207708399179
pharmakologisch,0.6931471805599453
spielen,0.6931471805599453
sein,1.0986122886681096
können,0.8018185525433372
erhöht,0.6931471805599453
kognitiv,0.6365141682948128
kein,0.6365141682948128
