lemma,shannon
dies,1.3321790402101223
werden,1.2381696412229655
der,1.4563208321347572
ein,1.5749371592099106
hoch,0.6931471805599453
sein,0.6365141682948128
familiär,0.6365141682948128
führen,0.6931471805599453
haben,0.6365141682948128
erhöht,0.6365141682948128
berücksichtigen,0.6931471805599453
erneut,0.6931471805599453
zeigen,0.6365141682948128
