lemma,shannon
der,1.742876537909772
alt,0.6554817739013927
sein,0.410116318288409
ein,0.8932239510170858
geben,0.6365141682948128
dies,1.5607104090414068
werden,0.6909233093138181
jung,0.6365141682948128
alternativ,0.6931471805599453
können,0.5623351446188083
