lemma,shannon
der,1.6073376971216686
geben,1.0789922078775833
dies,1.1935496040981333
werden,0.8365651720880256
sollen,1.0888999753452238
sein,1.0751393240053735
ein,1.621452212306873
erhöht,1.0986122886681096
spezifisch,0.5623351446188083
lymphatisch,0.6931471805599453
selektiv,0.6931471805599453
weit,0.6931471805599453
therapeutisch,0.6931471805599453
axillär,0.6931471805599453
schreiben,0.6931471805599453
individuell,0.6931471805599453
