lemma,shannon
dies,1.3624474851916286
der,1.4337909606044543
geben,0.5004024235381879
ein,1.2047933096947843
verschieden,0.5623351446188083
symptomatisch,0.6365141682948128
beschreiben,0.6931471805599453
werden,0.8982053397041498
können,0.8599672810355049
kontinuierlich,0.6931471805599453
hoch,0.6931471805599453
sein,0.9502705392332347
belastend,1.0986122886681096
ihr,0.5623351446188083
behandeln,0.6931471805599453
