lemma,shannon
der,1.6428383364351036
dies,1.4708084763221112
werden,0.9560443809671457
adjuvant,0.666278442414676
kein,0.6931471805599453
randomisiert,0.5623351446188083
geben,0.5623351446188083
ein,1.0780242769219863
postoperativ,0.8599672810355049
alleinig,0.936888307539016
zeigen,0.5004024235381879
präoperativ,0.6931471805599453
können,0.5004024235381879
sein,0.6931471805599453
wichtig,0.6931471805599453
