lemma,shannon
der,1.4164914049469162
bestehend,0.45056120886630463
werden,0.9743147528693494
können,0.5623351446188083
sein,0.6365141682948128
neu,0.6365141682948128
ein,1.3208883431493221
bestehen,0.6931471805599453
gesichert,0.6931471805599453
alle,0.6931471805599453
dies,0.6365141682948128
