lemma,shannon
der,1.726046151263218
erfolgen,0.6931471805599453
ein,1.3209711040904644
retrospektiv,1.0986122886681096
adjuvant,0.9949236325717751
werden,1.351783994289646
geben,0.6931471805599453
gut,0.6931471805599453
aktuell,0.6931471805599453
pelvin,0.6931471805599453
dies,1.0986122886681096
sein,1.351783994289646
wenig,0.6931471805599453
neoadjuvant,0.6931471805599453
können,1.0986122886681096
postoperativ,1.0986122886681096
