lemma,shannon
sein,0.9502705392332347
der,1.2576743632222593
leicht,0.6931471805599453
moderat,0.6365141682948128
intraindividuell,0.6931471805599453
können,0.6365141682948128
ein,1.2798542258336676
nachfolgend,0.6931471805599453
werden,1.0114042647073518
konventionell,1.0397207708399179
signifikant,0.6931471805599453
mittler,0.5623351446188083
zeigen,1.0986122886681096
