lemma,shannon
der,1.369968939828673
sollen,0.9502705392332347
ein,1.412744636863848
sein,0.9556998911125343
können,0.6931471805599453
dies,0.5623351446188083
führen,0.6931471805599453
haben,1.0397207708399179
