lemma,shannon
ein,1.5789647006541485
prospektiv,0.6931471805599453
der,1.6790028755532522
infiziert,0.6365141682948128
sein,0.6931471805599453
intestinal,1.0986122886681096
zeigen,0.6365141682948128
haben,0.6931471805599453
weit,0.6931471805599453
werden,1.0114042647073518
können,1.0397207708399179
