lemma,shannon
der,0.9896516343332492
ein,1.459481873869085
werden,0.5623351446188083
sein,1.0900596587107838
zeigen,1.3296613488547582
können,0.6931471805599453
kein,0.6931471805599453
hoch,1.0986122886681096
neu,0.6931471805599453
dosisdicht,0.6365141682948128
dosisintensiviert,0.6931471805599453
