lemma,shannon
ein,1.2202821662722372
sein,1.1490596969706202
der,1.5848099498966814
spielen,0.6931471805599453
klinisch,0.6931471805599453
werden,1.294545165844896
dies,0.6931471805599453
median,0.5623351446188083
signifikant,0.6365141682948128
