lemma,shannon
werden,1.351783994289646
der,1.2314647716411977
optisch,0.6931471805599453
ein,1.2047933096947843
sein,1.0114042647073518
randomisiert,0.6931471805599453
dies,0.5623351446188083
negativ,0.6931471805599453
liegen,0.6931471805599453
berichten,0.6931471805599453
