lemma,shannon
der,1.2835768032788284
dies,0.6931471805599453
ihr,1.0397207708399179
haben,1.0986122886681096
aromatisch,0.5623351446188083
sein,1.1973401339967784
enthalten,0.6365141682948128
aktuell,0.6365141682948128
ein,1.0549201679861442
bedingt,1.0986122886681096
werden,0.5297061990576545
alle,0.6931471805599453
können,1.0114042647073518
wasserlöslich,0.6931471805599453
berücksichtigen,0.6931471805599453
