lemma,shannon
haben,0.6931471805599453
der,1.4229616083074297
ander,0.6931471805599453
werden,0.8979457248567797
weit,0.6931471805599453
1,0.6365141682948128
aktiv,0.6365141682948128
erfassen,1.0397207708399179
ein,1.3579778549873245
welch,0.6931471805599453
können,1.0114042647073518
finden,0.6931471805599453
vorlesen,0.6931471805599453
statistisch,0.6931471805599453
