lemma,shannon
ein,1.4886936332683078
entscheidend,0.6931471805599453
der,1.2891699049515246
sein,1.0397207708399179
absolut,0.6365141682948128
adjuvant,0.6365141682948128
haben,0.5004024235381879
dies,1.3321790402101223
werden,1.2798542258336674
kein,0.6931471805599453
können,0.5623351446188083
zeigen,1.0397207708399179
prospektiv,1.0397207708399179
genomisch,0.6931471805599453
