lemma,shannon
der,1.4884096889842677
werden,1.3229495110045284
aerobisch,0.6931471805599453
körperlich,0.6931471805599453
sein,0.5623351446188083
können,0.6931471805599453
ander,1.0986122886681096
ein,0.6001660731596457
systematisch,0.6365141682948128
zusätzlich,0.6931471805599453
motorisch,0.6931471805599453
