lemma,shannon
der,1.5478007519020662
ambulant,0.6931471805599453
spezialisiert,0.5623351446188083
werden,1.0361987848192837
ein,1.3760552852604169
ihr,1.0397207708399179
können,1.3321790402101223
sein,0.45056120886630463
untersuchen,0.6931471805599453
entlastend,0.6931471805599453
multiprofessionell,0.6931471805599453
weit,1.0986122886681096
