lemma,shannon
klinisch,0.6365141682948128
ein,1.6166021152340402
auffällig,1.0397207708399179
der,1.4713870791348835
nachweisen,0.6931471805599453
werden,0.5623351446188083
hoch,0.6931471805599453
unselektiert,0.6931471805599453
erfolgen,0.6931471805599453
identifizieren,0.6931471805599453
haben,0.6931471805599453
groß,0.6365141682948128
