lemma,shannon
sollen,1.0549201679861442
werden,0.24493002679463532
der,1.3846868933849492
sein,0.45056120886630463
klinisch,0.6931471805599453
ein,1.5654451070633326
schwer,0.6365141682948128
ander,0.6931471805599453
alle,0.6931471805599453
kein,0.6931471805599453
histologisch,0.6931471805599453
vorliegen,0.6931471805599453
