lemma,shannon
der,1.52401633324385
alt,0.6931471805599453
sein,0.5004024235381879
dies,1.5498260458782016
jung,0.9502705392332347
ein,0.9943617837643206
werden,0.6837389058487535
bestehen,0.6365141682948128
tolerabel,0.6931471805599453
alternativ,0.6931471805599453
fortgeschritten,0.6365141682948128
