lemma,shannon
sein,1.2130075659799042
der,1.4809420793308075
ein,1.357694579432704
krankheitsfrei,0.6365141682948128
kein,0.6931471805599453
effektiv,0.6931471805599453
werden,1.3397942802855758
voll,1.0986122886681096
empfohlen,0.6931471805599453
dies,0.6931471805599453
reduzieren,0.6365141682948128
alle,0.6931471805599453
lokal,0.6931471805599453
chemisch,0.6931471805599453
können,0.6931471805599453
