lemma,shannon
der,1.4536013902222535
ein,1.4013926466081228
neoadjuvant,0.6365141682948128
haben,0.6365141682948128
behandeln,0.6365141682948128
alleinig,0.6365141682948128
präoperativ,0.9002560512685369
randomisiert,0.6931471805599453
zeigen,1.6094379124341005
werden,1.0549201679861442
adjuvant,0.6365141682948128
histologiespezifisch,0.6931471805599453
