lemma,shannon
werden,1.0549201679861442
alle,0.6931471805599453
der,1.3310223718628542
ein,1.3269201940506905
progredient,0.6931471805599453
spät,0.6931471805599453
sein,1.277034259466139
simultan,1.0397207708399179
dies,0.6931471805599453
