lemma,shannon
der,1.1537674347754843
sein,1.0608569471580214
signifikant,0.6931471805599453
gehören,0.6931471805599453
ein,1.2580244179888607
stereotaktisch,0.6730116670092565
verbessert,0.6931471805599453
zeigen,1.0986122886681096
median,0.6931471805599453
werden,0.9950269901795212
dass,0.6931471805599453
einschließen,0.6365141682948128
kein,0.6931471805599453
