lemma,shannon
der,1.3545552925109274
werden,1.4708084763221114
ein,0.9551311954514641
sein,1.0042424730540764
zeigen,0.6931471805599453
skandinavisch,0.6931471805599453
günstig,0.6365141682948128
können,0.6931471805599453
alternierend,0.6931471805599453
