lemma,shannon
sollen,1.1973401339967784
werden,0.20619205063323187
der,1.329995560101592
sein,0.45056120886630463
klinisch,0.6931471805599453
ein,1.530605242058942
vorhanden,0.6931471805599453
schwer,0.6365141682948128
ander,0.6931471805599453
alle,0.6931471805599453
kein,0.6931471805599453
histologisch,0.6931471805599453
folgend,0.6365141682948128
spät,0.6931471805599453
