lemma,shannon
der,1.547247118997017
werden,0.6365141682948128
können,1.0986122886681096
scheinen,0.6365141682948128
ein,1.559581156259877
partiell,1.0549201679861442
sein,0.6365141682948128
zeigen,0.6931471805599453
unterscheiden,0.6931471805599453
