lemma,shannon
der,1.384581969970891
bestätigen,0.5004024235381879
sein,0.5623351446188083
werden,1.3337360272028098
ein,1.1189688668816267
sollen,0.6931471805599453
ander,0.6365141682948128
erfolgen,0.6931471805599453
