lemma,shannon
werden,1.277034259466139
alle,0.6931471805599453
darstellen,0.6931471805599453
der,1.4556104797115772
ein,1.369854489522489
progredient,0.6931471805599453
spät,0.6931471805599453
sein,1.2206072645530173
simultan,1.0397207708399179
viel,0.6931471805599453
interdisziplinär,0.6931471805599453
dies,0.6931471805599453
andauernd,0.6365141682948128
sollen,0.6931471805599453
