lemma,shannon
der,1.31784052212938
ein,1.377819508039033
sein,1.0042424730540764
induzieren,1.0397207708399179
hemmen,1.0986122886681096
werden,1.0042424730540764
können,1.3321790402101223
hoch,0.6931471805599453
