lemma,shannon
zertifiziert,0.410116318288409
zeigen,0.6365141682948128
dass,0.5004024235381879
der,1.3327161901302649
hoch,1.0986122886681096
sein,0.9830877585747855
entsprechend,1.0986122886681096
dies,1.0986122886681096
ein,0.6730116670092565
m체ssen,0.6931471805599453
interdisziplin채r,1.0986122886681096
sektor체bergreifend,0.6931471805599453
alle,1.0986122886681096
qualitativ,0.6931471805599453
Gyn채kologisch,0.5004024235381879
Zertifiziert,0.6931471805599453
