lemma,shannon
der,1.4143096490814768
liegen,0.6931471805599453
ein,1.5275023899559335
werden,1.0114042647073516
retrospektiv,0.6931471805599453
zeigen,0.6931471805599453
dies,1.0397207708399179
randomisiert,0.6931471805599453
signifikant,0.6931471805599453
kurativ,0.6931471805599453
sein,0.45056120886630463
entwickeln,0.6931471805599453
günstig,0.6931471805599453
hoch,0.6931471805599453
