lemma,shannon
der,1.6222732793710772
gut,1.0397207708399179
sein,0.9502705392332347
werden,1.2554823251787537
median,0.6931471805599453
liegen,0.6931471805599453
kein,0.6931471805599453
randomisiert,0.5623351446188083
ein,0.9502705392332347
niedrig,0.6365141682948128
signifikant,0.45056120886630463
hoch,0.6931471805599453
können,0.6931471805599453
alle,1.0986122886681096
dies,0.6365141682948128
zeigen,1.0986122886681096
primär,1.0986122886681096
