lemma,shannon
ein,1.6307991045856434
der,1.4732430207751903
dies,1.3862943611198906
aufhalten,0.6931471805599453
werden,1.5607104090414063
sein,1.2148896539491205
temperaturabhängig,0.6931471805599453
hoch,0.6365141682948128
erhöht,0.6365141682948128
verstärken,0.6931471805599453
können,0.6931471805599453
