lemma,shannon
ein,1.277034259466139
der,1.7642622733811173
sein,1.0888999753452235
gering,1.0397207708399179
haben,1.0397207708399179
hoch,0.6365141682948128
kommen,0.6931471805599453
geben,0.6931471805599453
ihr,0.6931471805599453
deutlich,0.5623351446188083
berichten,0.6931471805599453
werden,0.6730116670092565
viel,0.6931471805599453
zeigen,0.6931471805599453
positiv,0.6931471805599453
