lemma,shannon
der,1.5408714267795505
klinisch,1.0397207708399179
können,0.6365141682948128
werden,0.6365141682948128
dies,1.242453324894
schwer,1.3862943611198906
liegen,0.45056120886630463
herkömmlich,0.6931471805599453
sein,1.0608569471580214
ein,1.2798542258336674
gering,0.6931471805599453
haben,0.6931471805599453
rektal,0.6931471805599453
symptomatisch,0.6931471805599453
