lemma,shannon
prospektiv,0.5623351446188083
der,1.3029426755625486
offen,0.6931471805599453
ein,1.5571130980576455
sein,0.6365141682948128
werden,0.6365141682948128
berichten,0.6931471805599453
groß,0.6931471805599453
weisen,0.6931471805599453
