lemma,shannon
ein,1.5335908003183834
können,0.6730116670092565
der,1.552024408851571
aufdecken,0.6931471805599453
sein,0.5623351446188083
werden,0.8979457248567797
körperlich,0.6365141682948128
nachweisen,0.6365141682948128
regelmäßig,1.0549201679861442
asymptomatisch,1.0397207708399179
lassen,0.6931471805599453
kein,0.6365141682948128
