lemma,shannon
der,1.1669016397933905
klinisch,1.0397207708399179
können,0.6931471805599453
werden,0.6554817739013927
dies,1.242453324894
liegen,0.5004024235381879
herkömmlich,0.6931471805599453
ein,1.351783994289646
gering,0.6931471805599453
haben,0.6931471805599453
rektal,0.6931471805599453
