lemma,shannon
der,1.0093744849325395
ein,1.3210861429655618
vorliegen,0.6931471805599453
sein,0.8018185525433372
psychisch,0.6931471805599453
durchschnittlich,0.6931471805599453
depressiv,0.6890092384766586
dies,0.6365141682948128
zeitlich,1.0986122886681096
