lemma,shannon
werden,0.9556998911125343
der,1.5569367607664824
intraepidermal,0.6931471805599453
dies,1.0986122886681096
können,1.0986122886681096
ein,1.0735428464085233
spät,0.6931471805599453
unterschiedlich,0.6931471805599453
sein,0.6365141682948128
zeigen,1.0986122886681096
histologisch,0.6931471805599453
