lemma,shannon
ein,1.5801820813494563
können,1.1682824501765625
sein,1.0042424730540764
der,1.4934616812281645
assoziieren,0.6730116670092565
hoch,0.6931471805599453
sollen,0.6931471805599453
konkret,0.6931471805599453
dies,1.3862943611198906
sogenannt,0.6931471805599453
evidenzbasiert,0.6931471805599453
zeigen,1.0986122886681096
genetisch,0.6365141682948128
weisen,0.6931471805599453
fehlend,0.6931471805599453
