lemma,shannon
der,1.580547682913793
sein,0.5195798391305154
ein,1.2148896539491205
werden,0.34883209584303193
können,1.320888343149322
ausreichend,0.6931471805599453
dies,0.6931471805599453
alle,0.6931471805599453
schützen,0.6931471805599453
städtebaulich,0.6931471805599453
schaffen,0.6931471805599453
welch,0.5982695885852573
unterschiedlich,0.6931471805599453
jed,0.6931471805599453
lassen,0.6931471805599453
