lemma,shannon
der,1.5151736532696476
ein,1.5247073930301436
therapiebedingen,0.6931471805599453
sein,0.9556998911125343
psychisch,0.6931471805599453
können,0.6931471805599453
werden,0.8018185525433372
onkologisch,0.8675632284814612
orientieren,0.6931471805599453
sinnvoll,0.6931471805599453
orthopädisch,0.6931471805599453
