lemma,shannon
sollen,1.0397207708399179
alle,0.6931471805599453
werden,1.0285137640248474
der,1.5206951700841376
ein,1.5761731403360426
sein,0.5004024235381879
müssen,0.6931471805599453
beschreiben,0.6931471805599453
hoch,1.0549201679861442
groß,0.6931471805599453
können,0.9556998911125343
finden,0.6365141682948128
dies,0.6365141682948128
schließen,0.6931471805599453
selten,0.6931471805599453
chemisch,0.6931471805599453
