lemma,shannon
sein,1.2130075659799042
der,1.4496892163948072
kontinuierlich,0.410116318288409
ein,1.3730039128771998
signifikant,0.6931471805599453
weit,0.6931471805599453
mikronisiert,0.410116318288409
liegen,0.6931471805599453
schließen,0.6931471805599453
werden,0.6931471805599453
erhöhen,0.6931471805599453
gering,0.6931471805599453
