lemma,shannon
der,1.5395391476146425
ein,0.5004024235381879
werden,1.0900596587107838
müssen,0.6931471805599453
sollen,0.6931471805599453
klinisch,0.6931471805599453
erst,0.6931471805599453
