lemma,shannon
alle,0.6931471805599453
sein,1.0888999753452235
ein,1.040839837423239
häufig,0.6931471805599453
der,1.4533420778432184
hoch,1.0397207708399179
aktuell,0.6931471805599453
zusätzlich,0.6931471805599453
impftypspezifisch,0.6931471805599453
werden,0.6365141682948128
einmalig,0.6931471805599453
