lemma,shannon
der,1.361634841487203
kein,0.6730116670092565
prophylaktisch,0.5623351446188083
vorliegend,1.0986122886681096
werden,0.7356219397587946
sein,1.3321790402101223
haben,1.0397207708399179
ein,1.4270610433807247
anal,1.0397207708399179
hochgradig,0.6365141682948128
dies,1.0986122886681096
therapeutisch,0.6931471805599453
