lemma,shannon
ein,1.5112947083564419
führen,0.6931471805599453
der,1.471693719845719
sprechen,0.6365141682948128
kommen,0.6931471805599453
sein,0.9002560512685369
klinisch,0.6931471805599453
möglich,0.6931471805599453
werden,0.6365141682948128
unklar,0.6365141682948128
