lemma,shannon
können,0.6365141682948128
ein,1.3163725690440502
der,1.5046791650535585
werden,0.6108643020548935
sein,0.6365141682948128
häufig,0.6931471805599453
sicher,0.6365141682948128
sollen,0.6931471805599453
achten,0.6931471805599453
postoperativ,1.0986122886681096
frei,0.6365141682948128
berücksichtigen,0.6931471805599453
gut,0.6931471805599453
bieten,0.6365141682948128
adjuvant,1.0986122886681096
einzeitig,0.6931471805599453
