lemma,shannon
werden,1.0397207708399179
der,1.4868952268881837
ein,0.7595473914748635
praktizieren,0.6365141682948128
haben,0.6365141682948128
beginnen,0.6365141682948128
sein,0.6931471805599453
onkologisch,0.6931471805599453
kein,0.6931471805599453
signifikant,0.6931471805599453
geben,0.6931471805599453
finden,0.6931471805599453
