lemma,shannon
der,1.6596648935793799
erhöht,1.0549201679861442
sein,0.9556998911125343
ein,1.5407370674616219
mediastinal,0.6931471805599453
werden,1.15374194270109
alleinig,0.6931471805599453
bleiben,0.6931471805599453
erhöhen,1.0986122886681096
können,0.6365141682948128
nachweisen,0.6931471805599453
dies,0.6931471805599453
aktuell,1.0986122886681096
erkranken,0.6931471805599453
kein,0.6931471805599453
signifikant,0.6931471805599453
