lemma,shannon
ein,1.2148896539491203
hoch,0.6931471805599453
der,1.5418327382863624
sein,0.5982695885852573
können,0.5623351446188083
