lemma,shannon
der,1.6376133779522446
sein,1.0114042647073518
skelettal,0.6931471805599453
existieren,0.6931471805599453
werden,0.45056120886630463
geben,0.6365141682948128
können,0.9502705392332347
ein,1.3485390196098022
dies,0.6931471805599453
