lemma,shannon
der,1.2821184820084182
sein,1.0114042647073518
können,1.0114042647073516
werden,1.1685184057430877
psychosozial,0.6931471805599453
ein,1.171059869990371
stellen,0.6931471805599453
signifikant,0.6931471805599453
