lemma,shannon
ein,1.187316093194504
endokrin,1.0114042647073516
der,1.446918150623534
können,1.0397207708399179
stellen,0.6931471805599453
werden,0.8599672810355049
dies,0.6365141682948128
sein,0.45056120886630463
erst,0.6931471805599453
zusätzlich,0.6931471805599453
prämenopausal,0.6365141682948128
weit,0.45056120886630463
postmenopausal,0.5623351446188083
führen,0.6931471805599453
liegen,0.6931471805599453
hoch,0.6365141682948128
