lemma,shannon
ein,1.1412264849885592
können,0.6365141682948128
zeigen,0.5004024235381879
alle,0.6931471805599453
cerebral,0.936888307539016
der,1.2272057594648869
multipl,1.0397207708399179
klein,0.6365141682948128
sein,1.3296613488547582
hoch,0.6931471805599453
weit,0.6931471805599453
dies,0.5623351446188083
sollen,0.5623351446188083
multimodal,0.6931471805599453
konventionell,0.6931471805599453
scheinen,0.6931471805599453
