lemma,shannon
sollen,1.0986122886681096
alle,0.6931471805599453
werden,1.2206072645530173
der,1.4501103513310947
ein,1.4677339293271525
sein,0.6365141682948128
beschreiben,0.6931471805599453
hoch,0.6931471805599453
groß,0.6931471805599453
können,1.0397207708399179
finden,0.6365141682948128
