lemma,shannon
der,1.2019112979781257
werden,0.796311640173813
ein,0.7777899315559316
sein,0.45056120886630463
adäquat,0.6931471805599453
regelmäßig,0.5004024235381879
ermöglichen,0.5004024235381879
kontinuierlich,0.6108643020548935
wichtig,1.0114042647073516
bestmöglich,0.5982695885852573
