lemma,shannon
ein,0.34883209584303193
der,1.6807848539300299
können,0.6837389058487535
sein,0.9184277849930976
durchführen,0.6365141682948128
frühzeitig,0.6829081047004717
solch,0.6931471805599453
verschieden,0.45056120886630463
entscheidend,0.6365141682948128
