lemma,shannon
der,1.2370581135603826
ein,0.6150342641411843
hoch,0.5982695885852573
werden,0.5623351446188083
sein,0.6901856760188042
eindeutig,0.6365141682948128
individuell,0.6365141682948128
umstritten,0.6931471805599453
