lemma,shannon
der,1.5193168267497397
nichtresektabel,0.6931471805599453
können,0.6829081047004717
ein,0.6253913445646756
neu,0.6730116670092565
haben,0.5004024235381879
ermöglichen,0.6365141682948128
sein,0.6365141682948128
kommen,0.6931471805599453
bestimmt,0.6365141682948128
gezielt,0.6365141682948128
erfordern,0.6365141682948128
