lemma,shannon
der,1.5526295650055526
individuell,1.0042424730540764
ein,1.4001005288598083
bestimmen,0.6365141682948128
können,0.6791932659915256
dies,0.9556998911125343
sein,0.6869615765973234
wichtig,0.6730116670092565
reduzieren,0.6365141682948128
sollen,0.6730116670092565
umfassend,0.6365141682948128
