lemma,shannon
werden,0.5402041423888608
der,1.3816958359341187
medikamentös,0.5623351446188083
ein,0.4433066914680872
sein,0.5799151714181009
möglich,1.0397207708399179
sollen,0.6931471805599453
können,0.6365141682948128
wichtig,0.6931471805599453
berücksichtigen,0.6931471805599453
häufig,0.6365141682948128
