lemma,shannon
der,1.4201607728724852
medizinisch,0.6730116670092565
psychosozial,0.7356219397587946
körperlich,0.6931471805599453
können,0.5623351446188083
sein,0.5359610497090694
ein,0.2711893730418441
werden,0.5297061990576545
wichtig,0.45056120886630463
beginnen,0.5623351446188083
verschieden,0.6365141682948128
