lemma,shannon
der,1.1915279829713146
können,0.5623351446188083
ein,0.9818697627970446
werden,0.6730116670092565
individuell,0.6931471805599453
schwanger,0.5623351446188083
