lemma,shannon
der,1.203483690407589
ein,0.605797499372304
können,0.5623351446188083
sein,0.2868359830561607
möglich,0.6931471805599453
bestmöglich,0.6931471805599453
werden,0.37677016125643675
wichtig,1.0042424730540764
sollen,1.0986122886681096
informieren,0.6730116670092565
sie,0.6365141682948128
sagen,0.6931471805599453
umfassen,0.6931471805599453
