lemma,shannon
der,1.3345905894923118
konzentrieren,0.5623351446188083
werden,0.2145591551764051
manuell,0.6931471805599453
ein,1.0042424730540764
haben,0.6365141682948128
sein,0.5799151714181009
sollen,0.5623351446188083
durchführen,0.6931471805599453
