lemma,shannon
können,0.6365141682948128
dies,0.6365141682948128
der,1.6192653029599802
werden,0.37677016125643675
ein,0.6365141682948128
individuell,0.5004024235381879
sein,0.5623351446188083
wichtig,0.6730116670092565
spielen,0.6365141682948128
regelmäßig,0.6365141682948128
