lemma,shannon
der,1.2563321071039824
kardiotoxisch,0.6829081047004717
berücksichtigen,0.6931471805599453
kardial,0.9839614460010255
können,0.5982695885852573
ein,0.868719682914265
lassen,0.6365141682948128
ihr,0.6730116670092565
