lemma,shannon
der,1.4308224287147713
sollen,0.6108643020548935
sein,1.0114042647073516
werden,0.6365141682948128
ein,0.45056120886630463
wichtig,0.6365141682948128
können,0.6869615765973234
erhöhen,0.6365141682948128
ausgewogen,0.6365141682948128
vermeiden,0.6365141682948128
sagen,0.6931471805599453
