lemma,shannon
der,1.172855275033392
pathomorphologisch,0.5004024235381879
werden,0.6682484776645385
geben,0.45056120886630463
histologisch,0.5004024235381879
