lemma,shannon
der,1.1838918973477497
zeigen,0.5623351446188083
ein,0.703843328477728
adjuvant,0.6172417697303416
werden,0.5982695885852573
liefern,0.6365141682948128
