lemma,shannon
der,1.4841731532815072
werden,0.4293230219306162
sein,0.4293230219306162
ein,0.6698932216137069
proximal,0.6365141682948128
ventral,0.6365141682948128
chirurgisch,0.6931471805599453
gesamt,0.6365141682948128
