lemma,shannon
sein,1.0356959635575245
wichtig,0.6365141682948128
der,1.7084034144830653
werden,0.5982695885852573
psychisch,0.6931471805599453
erfassen,0.6931471805599453
körperlich,1.0397207708399179
ein,0.9819416009240194
palliativmedizinisch,0.6615632381579821
regelmäßig,0.6365141682948128
erfolgen,0.6931471805599453
er,0.5623351446188083
