lemma,shannon
sein,0.6001660731596457
der,1.63869361824197
sollen,0.6730116670092565
ein,1.4880360441781157
verwenden,0.6365141682948128
können,0.6791932659915256
ausreichend,1.0789922078775833
achten,0.6931471805599453
wichtig,0.6730116670092565
gesund,0.6730116670092565
regelmäßig,0.6365141682948128
erhöhen,0.6931471805599453
