lemma,shannon
sein,1.1499171377909299
der,1.5483937251714726
Patient,0.6730116670092565
berücksichtigen,0.6365141682948128
ein,0.24493002679463532
werden,0.6931471805599453
perineural,0.6931471805599453
alle,0.6931471805599453
relevant,0.6931471805599453
approach,0.6365141682948128
