lemma,shannon
dies,0.6365141682948128
können,0.9502705392332347
sein,1.0356959635575245
ein,1.0670895187820832
der,1.44092580659972
unzureichend,0.6931471805599453
möglich,0.6931471805599453
werden,0.9502705392332347
ihr,0.5623351446188083
anpassen,0.6931471805599453
weit,0.6931471805599453
wichtig,0.9002560512685369
alle,0.6931471805599453
lassen,0.6931471805599453
haben,0.6931471805599453
