lemma,shannon
radioaktiv,0.5623351446188083
können,0.6869615765973234
der,1.4530284357717116
erhöhen,0.6365141682948128
sein,0.887694275799104
ein,0.9839614460010255
erhöht,1.0986122886681096
haben,0.45056120886630463
ander,0.6931471805599453
werden,0.45056120886630463
chemisch,0.6730116670092565
ergreifen,0.6365141682948128
regelmäßig,0.6931471805599453
vermeiden,0.6931471805599453
