lemma,shannon
ein,1.241074636859421
adjuvant,0.6909233093138181
sein,0.9950269901795212
der,1.325725602112749
werden,1.0296530140645737
sollen,0.6365141682948128
wichtig,0.6931471805599453
dies,0.6931471805599453
können,0.6365141682948128
