lemma,shannon
der,1.0118612384615486
fortgeschritten,0.5004024235381879
verbessern,0.5004024235381879
belastend,0.5623351446188083
ein,0.6915021980540987
wichtig,1.0549201679861442
berücksichtigen,0.6365141682948128
können,0.6365141682948128
behandeln,0.5623351446188083
symptomatisch,0.6365141682948128
