lemma,shannon
der,1.61941961831395
häufig,0.6730116670092565
sein,0.5623351446188083
werden,0.5982695885852573
ein,1.040839837423239
regelmäßig,0.6931471805599453
verschieden,0.5004024235381879
