lemma,shannon
der,1.5041524774561736
retrospektiv,0.5623351446188083
ein,1.3061066090853948
sein,0.6172417697303416
werden,0.6829081047004717
sollen,0.5623351446188083
