lemma,shannon
der,1.5139642378010771
werden,1.0337005498525014
untersuchen,0.6931471805599453
ein,1.159569796739054
bevölkerungsbezogen,0.6365141682948128
sein,0.30463609734923813
hoch,0.5623351446188083
können,0.9002560512685369
gut,0.6931471805599453
bundesweit,0.6931471805599453
umfassend,0.6931471805599453
weit,0.6365141682948128
möglich,0.6931471805599453
negativ,0.6931471805599453
wichtig,0.6365141682948128
ander,0.6931471805599453
