lemma,shannon
ein,0.5783252866601272
weit,0.5004024235381879
werden,1.0317671113505356
können,0.6730116670092565
signifikant,0.5004024235381879
der,0.8989357829563265
ihr,0.6730116670092565
sein,0.47413931305783735
zeigen,0.6931471805599453
betonen,0.6931471805599453
konventionell,0.6931471805599453
medizinisch,0.6931471805599453
