lemma,shannon
der,1.4061839125463882
körperlich,0.5623351446188083
beruflich,0.6931471805599453
können,0.5004024235381879
sein,0.8982053397041498
werden,0.6365141682948128
ein,0.8766452322622142
gewährleisten,0.5004024235381879
wichtig,0.9743147528693494
umfassend,0.6365141682948128
verbessern,0.6931471805599453
