lemma,shannon
wichtig,1.2798542258336676
ein,0.9932682101499608
gesund,0.6829081047004717
körperlich,0.6615632381579821
der,1.2539839605573149
verbessern,0.6365141682948128
nutzen,0.6931471805599453
können,0.5982695885852573
empfehlen,1.0397207708399179
unterstützen,0.5623351446188083
