lemma,shannon
werden,0.8981370031878679
ein,0.8045072710279635
stellen,0.6730116670092565
der,1.1251643666466054
endoskopisch,0.5004024235381879
biliär,0.9556998911125343
sein,0.8785250991271565
können,0.34883209584303193
hepatozellulär,0.6365141682948128
wichtig,1.0114042647073518
