lemma,shannon
der,1.0861562821689004
individuell,1.0114042647073516
werden,0.5297061990576545
ein,0.7777899315559316
sein,0.5982695885852573
bestmöglich,0.5623351446188083
können,0.37677016125643675
