lemma,shannon
der,1.3471607810121053
metastasiert,0.5623351446188083
können,0.6365141682948128
verschieden,0.6365141682948128
werden,0.9949236325717751
ein,1.1196575232405934
wichtig,0.45056120886630463
finden,0.5004024235381879
zeigen,0.8675632284814612
sein,0.20619205063323187
meist,0.5623351446188083
