lemma,shannon
der,1.5462232005917054
sein,0.6172417697303416
ein,0.9653353162879579
genau,0.5004024235381879
bestimmen,0.5623351446188083
haben,0.6365141682948128
hoch,0.5623351446188083
werden,0.6774944044487072
