lemma,shannon
werden,1.0114042647073518
ein,0.33422114621338295
der,1.5293153631538416
systemtherapeutisch,0.6730116670092565
sein,0.48257756517701206
lokal,0.6931471805599453
dies,0.6931471805599453
ihr,0.5004024235381879
verschieden,0.37677016125643675
individuell,0.6931471805599453
können,0.6730116670092565
wichtig,0.5982695885852573
psychosozial,0.6931471805599453
