lemma,shannon
der,1.1250037203758805
klinisch,0.6931471805599453
werden,0.5623351446188083
ein,0.8661839144536991
können,0.6554817739013927
sein,0.926506603289533
frühzeitig,0.45056120886630463
