lemma,shannon
der,1.5362275536386079
können,0.5004024235381879
sein,0.6829081047004717
frühzeitig,1.0114042647073516
behandeln,0.6365141682948128
ein,1.0399095464305241
werden,0.8486855577264172
aktinisch,0.6365141682948128
präventiv,0.6931471805599453
