lemma,shannon
werden,0.6869615765973234
körperlich,0.37677016125643675
können,0.4293230219306162
sein,0.8838756262717337
medizinisch,0.6931471805599453
ein,0.48509409130221154
der,1.1907686023357982
qualifiziert,0.6365141682948128
ausführen,0.5623351446188083
