lemma,shannon
der,1.5236309819783245
ein,0.8528834663669823
chirurgisch,0.6365141682948128
können,0.45056120886630463
darstellen,0.6365141682948128
sein,0.25731864054383163
frühzeitig,0.6365141682948128
hoch,0.6730116670092565
engmaschig,0.6931471805599453
sollen,0.6730116670092565
optimal,0.6365141682948128
maligne,0.6931471805599453
