lemma,shannon
dies,0.6931471805599453
der,1.6688315417347344
ein,0.6870920273799715
sein,1.0551016181686426
können,0.410116318288409
individuell,0.5004024235381879
gut,0.5004024235381879
ihr,0.6931471805599453
besprechen,0.6365141682948128
regelmäßig,0.45056120886630463
möglich,0.5004024235381879
gesund,0.6365141682948128
