lemma,shannon
der,1.0383570982055859
sein,0.6889170862637753
ein,0.3693331216456527
werden,0.9470571522825082
sorgfältig,0.5623351446188083
individuell,0.6365141682948128
