lemma,shannon
werden,0.5623351446188083
ein,0.2337916587064593
der,1.515829929423285
können,0.30463609734923813
sein,0.45056120886630463
sollen,0.6931471805599453
regelmäßig,0.6365141682948128
