lemma,shannon
können,0.5004024235381879
ein,1.326893693551525
der,1.633897921790601
werden,0.5623351446188083
brusterhaltend,1.0608569471580214
sein,1.1682824501765625
ausreichend,1.0549201679861442
erhöht,0.6931471805599453
randomisiert,0.6931471805599453
haben,0.6931471805599453
