lemma,shannon
der,1.7324945739787636
positiv,0.6931471805599453
haben,0.5623351446188083
kein,0.6730116670092565
systematisch,0.6931471805599453
werden,0.6365141682948128
ein,1.147049746112262
organerhaltend,0.5623351446188083
lokal,0.34883209584303193
sein,0.5297061990576545
