lemma,shannon
ein,0.6415518483235773
werden,0.6365141682948128
klinisch,0.6730116670092565
der,1.5840461326293251
können,0.30463609734923813
möglich,0.5623351446188083
erst,0.6931471805599453
sein,0.5297061990576545
wichtig,0.6365141682948128
fortgeschritten,0.6931471805599453
verschieden,0.6931471805599453
erneut,1.0986122886681096
