lemma,shannon
sollen,0.6365141682948128
ein,0.6330395116644678
der,0.7850260433737118
sein,0.5004024235381879
onkologisch,0.6365141682948128
alle,0.6365141682948128
relevant,0.6730116670092565
psychosozial,0.6365141682948128
erleichtern,0.6365141682948128
interdisziplinär,0.6365141682948128
regional,0.6365141682948128
international,0.6365141682948128
belegen,0.6931471805599453
