lemma,shannon
sollen,0.6829081047004717
werden,0.34883209584303193
der,1.65481706184628
ein,0.8693742615798354
können,0.5623351446188083
behandelnd,0.45056120886630463
sein,0.24493002679463532
erfolgreich,0.6365141682948128
frühzeitig,0.5004024235381879
körperlich,0.6365141682948128
wichtig,0.6365141682948128
