lemma,shannon
der,1.2424524354608089
ein,1.2284399166353825
haben,0.6730116670092565
bieten,0.45056120886630463
ganzheitlich,0.6730116670092565
durchführen,0.6931471805599453
sollen,0.6365141682948128
