lemma,shannon
ein,1.161120818283116
der,1.0667074985557385
verschieden,0.6365141682948128
sein,0.5297061990576545
verbessern,0.5623351446188083
werden,0.8239592165010823
können,0.410116318288409
wichtig,0.5623351446188083
ganzheitlich,0.6931471805599453
ihr,0.6365141682948128
letzt,0.6365141682948128
gut,0.6931471805599453
