lemma,shannon
depressiv,0.6615632381579821
können,0.6890092384766586
ein,0.2640520518256287
sein,1.072043343575071
wichtig,0.6365141682948128
der,1.1165576992356478
sollen,0.5623351446188083
ander,1.0397207708399179
psychiatrisch,0.6931471805599453
umfassen,0.45056120886630463
eigen,0.6365141682948128
