lemma,shannon
der,0.7932709509191135
verschieden,0.5004024235381879
können,0.666278442414676
erzielen,0.6365141682948128
werden,0.5982695885852573
wichtig,0.45056120886630463
sein,0.639031859650177
speziell,0.6931471805599453
berücksichtigen,0.6365141682948128
unterschiedlich,0.6365141682948128
erfolgreich,0.6365141682948128
konzipieren,0.6931471805599453
