lemma,shannon
der,1.4272705547573985
umfassen,0.6365141682948128
sein,1.0123308391031736
wichtig,0.9502705392332347
können,0.34883209584303193
ein,0.8385696937829806
gezielt,0.6931471805599453
geeignet,0.6365141682948128
ergreifen,0.6931471805599453
sollen,0.6365141682948128
