lemma,shannon
der,1.1000132840842733
ein,0.6450331516760341
simultan,0.6931471805599453
sein,0.6774944044487072
können,0.6791932659915256
regelmäßig,0.5982695885852573
werden,0.5623351446188083
möglich,1.0042424730540764
lokal,0.6931471805599453
gut,0.6931471805599453
