lemma,shannon
sein,0.336495757583516
der,1.3320490919963983
können,0.5623351446188083
ein,1.1475083135852164
gesund,0.6365141682948128
regelmäßig,0.5004024235381879
körperlich,0.6730116670092565
werden,0.45056120886630463
wichtig,0.6615632381579821
bieten,0.5004024235381879
sollen,0.6365141682948128
