lemma,shannon
werden,0.6931471805599453
der,1.5711152620323185
feststellen,0.6931471805599453
serratiert,0.6829081047004717
ein,0.8033149761408755
sein,0.45056120886630463
histologisch,0.5623351446188083
kolorektal,0.5004024235381879
familiär,0.6931471805599453
