lemma,shannon
können,0.6890092384766586
der,1.2643671238861587
werden,0.6365141682948128
ein,0.8644271369110641
sein,0.509137344082687
kein,0.6365141682948128
geschwächt,0.45056120886630463
lassen,0.6365141682948128
erhöhen,0.6365141682948128
