lemma,shannon
der,1.4751127915815667
fokal,0.5859526183035508
gezielt,0.5623351446188083
zerstören,0.6730116670092565
werden,0.891867395317251
eignen,0.6365141682948128
ein,1.2200467158296417
begrenzt,0.5004024235381879
können,0.6365141682948128
sein,0.6774944044487072
niedrig,0.5623351446188083
vollständig,0.6931471805599453
