lemma,shannon
emetogen,0.6901856760188042
der,1.195294249753212
prophylaktisch,0.6730116670092565
antiemetisch,0.6554817739013927
sein,0.6931471805599453
individuell,0.5623351446188083
sollen,0.34883209584303193
können,0.5297061990576545
ein,0.9556998911125343
