human,continue,explain,create
8.624566870350906,0.1459209076939424,10.310638674397369,2.1830945988888666
25549.79130253555,0.09483551702778013,8.431054440511724,0.17560243479146584
9.436799127494442,3.6425711150875038,7.336864412237182,0.19619605445153093
729.4516712772518,0.146042650394793,6.367052094463524,0.6500780137858851
331.78334038528527,1.366685434378938,0.30793789085065204,0.11781502965342015
60.325510731529604,2.3564720784010116,3.7738035522455045,0.22506804799424626
328.9783792645138,0.3957771433838753,0.2625480842810999,0.16628093815758896
1395.8297199969477,0.15519320679305837,0.2023180594911835,0.692525972073378
3.823806702053404,1.9511126815608242,0.18016181248361288,0.10321125543277508
268.714292878967,1.4024291650886092,0.744006693079582,0.324212258640987
