lemma,shannon
der,1.7021828073500238
ihr,1.0986122886681096
ein,1.6137942391528548
dies,0.6365141682948128
schnell,0.6931471805599453
hart,0.6931471805599453
sein,2.141963331773656
haben,1.3296613488547582
können,0.6365141682948128
stehen,0.6931471805599453
klar,0.6931471805599453
nah,0.6365141682948128
sie,0.6365141682948128
jed,0.6931471805599453
alle,0.6931471805599453
unser,0.6931471805599453
