lemma,shannon
der,1.6669377089179078
alle,0.8675632284814612
haben,0.6615632381579821
dies,1.5419764327628247
ein,1.350044689985175
ihr,0.9002560512685369
sein,1.6731183626432506
werden,1.0397207708399179
können,0.6365141682948128
leuchtend,0.6365141682948128
lokal,0.6931471805599453
organisieren,0.6931471805599453
wir,0.5859526183035508
natürlich,1.0397207708399179
unser,0.5623351446188083
müssen,0.6931471805599453
zeigen,0.6931471805599453
offerieren,0.6931471805599453
