lemma,shannon
der,1.7003416395316149
ein,1.6884436229603945
sein,1.9904785426238594
haben,1.1490596969706202
neu,1.0986122886681096
werden,1.3321790402101223
halten,0.6931471805599453
bleiben,0.6931471805599453
können,1.5607104090414063
düster,0.6931471805599453
dies,1.3321790402101223
wir,0.6730116670092565
alle,0.6931471805599453
ander,1.0986122886681096
