lemma,shannon
der,1.6565624566067807
haben,1.5498260458782016
positiv,0.6931471805599453
steigen,0.6365141682948128
werden,1.0397207708399179
stark,1.0986122886681096
ihr,0.6365141682948128
ein,1.377819508039033
dies,1.0397207708399179
sein,0.9502705392332347
können,1.5607104090414063
kurz,0.6365141682948128
beeindruckend,0.6931471805599453
nah,0.6931471805599453
wirtschaftlich,0.6931471805599453
erst,0.6931471805599453
