lemma,shannon
der,1.5938472326680038
ein,1.475076311054695
ihr,1.277034259466139
sein,1.808045719583997
verdächtig,0.6365141682948128
sollen,0.6931471805599453
versuchen,0.6931471805599453
haben,0.9556998911125343
können,1.0397207708399179
alle,1.0114042647073518
wir,0.6365141682948128
werden,1.3862943611198906
sozial,0.6931471805599453
wichtig,0.6931471805599453
