lemma,shannon
der,1.691270099218897
zeigen,0.6931471805599453
sein,1.9701814400260844
ein,1.7108767566603877
dies,1.3321790402101223
gut,0.6931471805599453
umstritten,1.0986122886681096
einige,0.6931471805599453
können,0.5004024235381879
gewinnen,0.6931471805599453
welch,0.6931471805599453
unter,0.6931471805599453
kämpfen,0.6931471805599453
alle,1.0986122886681096
werden,1.0397207708399179
spannend,0.6931471805599453
viel,0.6931471805599453
