lemma,shannon
der,1.6763244041713612
ein,1.2636256721237276
haben,0.410116318288409
dies,1.5229550675313184
neunt,0.6365141682948128
stehen,0.6931471805599453
werden,1.351783994289646
sein,1.0608569471580214
eigen,0.6931471805599453
er,0.6931471805599453
bleiben,1.0986122886681096
alle,0.6931471805599453
ihr,0.6931471805599453
nah,0.6365141682948128
beide,0.6931471805599453
