lemma,shannon
der,1.3777882424505516
werden,1.0735428464085233
sein,1.8268967451384348
hören,0.6931471805599453
er,0.6874357505033553
kein,0.6730116670092565
ein,1.3208883431493221
behaupten,0.6931471805599453
haben,1.0549201679861442
modern,0.6931471805599453
bleiben,0.6365141682948128
spielen,0.6931471805599453
früh,0.6931471805599453
sie,0.6931471805599453
jahrzehntelang,0.6931471805599453
