lemma,shannon
dies,1.329661348854758
der,1.4270303993393791
rechtsextrem,1.0042424730540764
werden,0.649248354870898
ein,1.3730039128771998
neu,1.0986122886681096
sein,0.6365141682948128
weit,0.6931471805599453
verschieden,0.6931471805599453
solch,1.0986122886681096
ihr,0.6730116670092565
stellen,0.5623351446188083
sozial,0.6931471805599453
können,1.3321790402101223
