lemma,shannon
der,1.6779069683946481
dies,1.236684869140504
betreffen,0.6931471805599453
können,1.0397207708399179
sein,0.7595473914748635
werden,1.3667110520552042
ein,1.1709971261162124
wesentlich,0.6931471805599453
haben,0.5623351446188083
ihr,1.0335620542068176
halten,0.6931471805599453
negativ,0.6365141682948128
relevant,0.6931471805599453
solch,0.6931471805599453
niedrig,0.6931471805599453
