lemma,shannon
ein,1.6051472703821856
haben,0.45056120886630463
der,1.656061314650741
sein,1.1490596969706202
alle,0.6365141682948128
ander,0.6365141682948128
werden,1.3030924037617193
dies,1.2798542258336674
können,0.9433483923290391
führen,1.0397207708399179
erhöht,1.0397207708399179
wir,0.6931471805599453
lang,0.6365141682948128
müssen,0.6931471805599453
kognitiv,0.6931471805599453
sozial,0.6931471805599453
geben,0.6931471805599453
verursachen,0.6931471805599453
