lemma,shannon
ein,1.3194222729952845
der,1.7176663739474662
werden,1.3296613488547582
dies,1.4941751382893085
angeblich,0.6931471805599453
ihr,0.9502705392332347
haben,0.6365141682948128
kaufen,0.6931471805599453
er,0.6365141682948128
sein,1.734764521025775
handeln,0.6931471805599453
stehen,0.6931471805599453
solch,1.0397207708399179
kein,0.6931471805599453
