lemma,shannon
ein,1.4184836619456564
der,1.7225613747158834
werden,1.0821955300387673
angeblich,0.6931471805599453
wollen,0.6931471805599453
sein,1.8462202193216335
ihr,0.6931471805599453
ausgeblieben,0.6931471805599453
behaupten,0.6931471805599453
kein,1.0549201679861442
ander,0.6931471805599453
ähnlich,0.6931471805599453
haben,1.2730283365896256
rechtlich,0.6931471805599453
dies,1.0986122886681096
alle,0.6931471805599453
