lemma,shannon
dies,1.242453324894
ein,1.4906920334256557
der,1.6623769591928221
sein,1.7964216049513788
gut,1.0397207708399179
können,1.3296613488547582
er,0.48257756517701206
werden,1.3862943611198906
haben,0.6931471805599453
suchen,0.6931471805599453
tief,1.0986122886681096
ihr,1.0789922078775833
extrem,0.6931471805599453
einzigartig,0.6931471805599453
atemberaubend,0.6931471805599453
