lemma,shannon
ein,1.6762349391347309
leidenschaftlich,0.6931471805599453
er,0.4293230219306162
sein,1.9845459159938434
der,1.6544338079120593
werden,1.0549201679861442
dies,1.0397207708399179
geplant,0.6931471805599453
haben,1.4750763110546947
verschieden,0.6931471805599453
verkaufen,0.6931471805599453
