lemma,shannon
der,1.6471737366702364
haben,1.0114042647073518
ein,1.5671808548329902
sein,1.3208883431493221
dies,1.2406842919533958
schwach,1.0397207708399179
minimal,0.6931471805599453
anhalten,0.6931471805599453
werden,1.0986122886681096
langsam,0.6931471805599453
zweijährig,0.6931471805599453
führen,0.6931471805599453
