lemma,shannon
ein,1.4013926466081226
betonen,0.6931471805599453
der,1.622497353702092
ihr,0.5004024235381879
werden,1.470131920408841
kein,0.6931471805599453
können,1.2130075659799042
raten,0.6931471805599453
bestätigen,0.6365141682948128
sorgen,0.6931471805599453
groß,0.6365141682948128
leicht,0.6365141682948128
dies,0.6365141682948128
sein,1.2130075659799042
bestätigt,0.6931471805599453
alle,1.0397207708399179
müssen,0.6931471805599453
haben,0.6931471805599453
