lemma,shannon
der,1.6240995651651051
weit,0.6931471805599453
ander,0.6365141682948128
dies,1.0888999753452235
sein,1.2130075659799042
ein,1.5571130980576455
verschieben,0.6365141682948128
schnell,0.6931471805599453
werden,1.5047882836811908
neu,0.6365141682948128
können,0.6365141682948128
hoch,0.6931471805599453
zeigen,0.6365141682948128
alle,0.6931471805599453
verhindern,0.6931471805599453
anfänglich,0.6931471805599453
weltweit,0.6931471805599453
viel,0.6931471805599453
