lemma,shannon
ein,1.6966842545677818
der,1.7855871904987752
geben,0.5623351446188083
Jugendliche,1.0397207708399179
angreifen,0.6931471805599453
werden,1.5498260458782016
sein,1.9561874676604516
er,0.5623351446188083
ander,0.6931471805599453
haben,1.242453324894
alle,0.6931471805599453
ihr,0.6931471805599453
dies,1.0397207708399179
tragisch,0.6931471805599453
können,0.6365141682948128
sie,0.6931471805599453
weit,1.0986122886681096
