lemma,shannon
der,1.7556027465974857
nordamerikanisch,0.6365141682948128
ihr,0.5623351446188083
stellen,1.0986122886681096
dies,1.18030455699462
zeigen,0.6365141682948128
positiv,0.6931471805599453
müssen,0.6365141682948128
ein,1.6920198079084638
sein,1.6304325826288886
werden,0.9556998911125343
haben,0.6365141682948128
können,0.6931471805599453
kanadisch,0.6730116670092565
handeln,0.6931471805599453
geben,0.6931471805599453
