lemma,shannon
steigend,0.6931471805599453
der,1.6487888331200449
zusätzlich,1.0397207708399179
temporär,0.6365141682948128
sein,0.6730116670092565
ein,1.5641315026219946
werden,1.1682824501765625
dies,1.631345420808597
setzen,1.0986122886681096
erhöht,0.6931471805599453
haben,0.6931471805599453
medizinisch,0.6931471805599453
gehen,0.6931471805599453
erfolgreich,0.6931471805599453
ihr,0.6931471805599453
neu,0.6931471805599453
hoch,1.0986122886681096
alle,0.6365141682948128
