lemma,shannon
der,1.7729747642817315
sein,1.7557558046967732
klein,0.937155853065701
ein,1.2519894208137132
einige,0.6931471805599453
er,0.7298429194806347
haben,0.6931471805599453
kurz,0.6931471805599453
viel,1.3321790402101223
stehen,0.9502705392332347
werden,1.2206072645530175
dies,1.0397207708399179
wollen,0.6365141682948128
planen,0.6931471805599453
geben,0.6931471805599453
