lemma,shannon
dies,1.1209503926735833
ein,1.6523735409454607
der,1.7173197816768357
werden,1.2730283365896258
sein,1.6957425341696346
bedrohen,0.6931471805599453
müssen,1.0397207708399179
ander,0.6931471805599453
hochkriminell,0.6931471805599453
einsetzen,0.5623351446188083
weit,1.0986122886681096
sehen,0.6365141682948128
haben,1.0397207708399179
kein,0.6365141682948128
vorsätzlich,0.6365141682948128
kontrovers,0.6931471805599453
