lemma,shannon
dies,0.9502705392332347
verschieden,0.6931471805599453
der,1.7684756741404242
werden,1.193549604098133
sollen,0.6365141682948128
sein,1.0397207708399179
ein,1.5996592024272063
verwickeln,0.6931471805599453
ihr,1.193549604098133
geben,0.6365141682948128
weit,0.6931471805599453
kurz,0.6931471805599453
