lemma,shannon
der,1.6550685795688844
dies,1.3321790402101223
ander,0.6931471805599453
werden,0.39267446722755217
viel,0.6931471805599453
ein,1.42876912031874
er,0.6365141682948128
sein,1.656551126696654
international,0.6931471805599453
kürzlich,1.0397207708399179
militärisch,0.6931471805599453
weit,0.6365141682948128
kontrovers,0.6931471805599453
können,1.0397207708399179
global,1.0986122886681096
planen,0.6931471805599453
äußern,0.6931471805599453
