lemma,shannon
der,1.6507028769341683
verschieden,0.6730116670092565
gesund,0.6730116670092565
ein,1.5821699429252505
werden,0.6890092384766586
können,0.5297061990576545
gesundheitlich,0.6931471805599453
haben,0.5623351446188083
sein,1.4135723866567025
dies,0.9502705392332347
gut,0.6931471805599453
unser,0.6931471805599453
hoch,0.6365141682948128
ihr,1.329661348854758
betonen,0.5623351446188083
wichtig,0.6931471805599453
sollen,0.6931471805599453
