lemma,shannon
dies,1.242453324894
neu,0.6931471805599453
der,1.6551880107478372
werden,0.6829081047004717
erst,1.0549201679861442
sein,1.9371610049126449
ein,1.4897503188505912
jung,1.329661348854758
er,0.5297061990576545
letzt,0.6931471805599453
haben,0.37677016125643675
spielen,0.6931471805599453
enorm,0.6931471805599453
machen,0.5623351446188083
bieten,0.6931471805599453
können,1.0397207708399179
zeigen,0.6931471805599453
