lemma,shannon
dies,1.3321790402101223
ein,1.6977335913743923
der,1.6120457709421891
sein,2.412386331666388
er,0.9075352941050092
sexuell,1.3321790402101223
werden,0.6365141682948128
kommen,0.6931471805599453
früh,0.6931471805599453
ander,1.0397207708399179
haben,0.6365141682948128
können,1.0549201679861442
sagen,0.6931471805599453
enden,0.6931471805599453
