lemma,shannon
der,1.6876207660124491
jung,0.5623351446188083
ein,0.6730116670092565
politisch,0.9502705392332347
er,0.6680178186607535
sein,1.7560992973384617
neu,0.6365141682948128
vorstellen,0.6931471805599453
öffentlich,0.6931471805599453
werden,1.0114042647073518
dies,0.6365141682948128
bleiben,0.6365141682948128
welch,0.6931471805599453
weit,0.6931471805599453
