lemma,shannon
der,1.626255069735313
haben,0.9002560512685369
reagieren,0.6931471805599453
müssen,0.6365141682948128
ein,1.4451858789480823
dies,1.0114042647073516
können,1.3321790402101223
er,0.410116318288409
sein,1.9564632038266851
impfen,0.6365141682948128
werden,0.6365141682948128
kein,0.6365141682948128
geben,0.6365141682948128
sehen,0.6931471805599453
weltweit,0.6931471805599453
