lemma,shannon
ein,1.4740568252732047
politisch,0.9502705392332347
der,1.712222190139408
neu,0.6365141682948128
sein,2.037734194785151
bekannt,0.6931471805599453
werden,1.3421131789144003
er,0.37677016125643675
können,1.2554823251787535
haben,1.4941751382893085
dies,1.2130075659799042
ihr,1.3321790402101223
beide,0.6931471805599453
sie,0.6365141682948128
technokratisch,0.6931471805599453
