lemma,shannon
dies,1.0466304865832219
der,1.6207833631782826
portugiesisch,1.0042424730540764
ein,1.040839837423239
ihr,0.6615632381579821
werden,1.1569876443452742
sein,1.8636799873410004
persönlich,0.5623351446188083
neu,0.5623351446188083
einige,0.6365141682948128
starten,0.6931471805599453
haben,0.6365141682948128
begründen,0.6365141682948128
geben,0.6365141682948128
wichtig,0.6931471805599453
familiär,0.6931471805599453
kritisieren,0.6931471805599453
