lemma,shannon
15,0.6365141682948128
haben,0.5623351446188083
der,1.2022130185986555
sein,0.6365141682948128
2,0.5623351446188083
ein,1.0986122886681096
dies,0.6931471805599453
9,0.6365141682948128
1,0.5623351446188083
4,0.5623351446188083
6,0.6931471805599453
7,0.5004024235381879
11,0.6365141682948128
12,0.6365141682948128
18,0.6365141682948128
3,0.6931471805599453
5,0.6365141682948128
