lemma,shannon
haben,1.3321790402101223
der,1.5014980181675643
6,0.6931471805599453
ein,1.329661348854758
sein,0.6931471805599453
ehemalig,0.6931471805599453
dürfen,0.6931471805599453
kommen,0.6931471805599453
12,0.6931471805599453
11,0.6931471805599453
