lemma,shannon
der,1.5359411115879973
sein,1.0397207708399179
ein,1.2654130965141723
verletzen,0.6365141682948128
feiern,0.6931471805599453
werden,0.6931471805599453
haben,0.6931471805599453
18,0.6365141682948128
