lemma,shannon
der,1.6590234142532982
ein,1.3904950585899565
medizinisch,0.6829081047004717
sein,1.205697772011519
verbessern,0.6365141682948128
werden,0.6365141682948128
dies,1.3760552852604169
minderjährig,1.0397207708399179
können,1.2798542258336674
ihr,0.5623351446188083
minderjährige,0.6365141682948128
gesundheitlich,0.5004024235381879
jed,0.6931471805599453
effektiv,0.6931471805599453
beinhalten,0.6931471805599453
wichtig,0.6931471805599453
