lemma,shannon
der,1.6550131511796573
selten,0.410116318288409
ein,1.3812885266674402
dies,1.5498260458782016
welch,0.6931471805599453
neu,1.0986122886681096
sein,1.1490596969706204
betroffen,0.6931471805599453
können,0.8486855577264172
unterschiedlich,0.6365141682948128
ermöglichen,0.6931471805599453
stellen,0.6931471805599453
wichtig,0.6365141682948128
medizinisch,0.6365141682948128
international,0.5623351446188083
erhalten,0.6931471805599453
zukünftig,0.6931471805599453
