lemma,shannon
der,1.6588908797258677
neu,0.6931471805599453
allergisch,0.6365141682948128
effektiv,0.6931471805599453
zielen,0.6931471805599453
dies,1.2730283365896258
ein,1.3579778549873243
sein,0.6869615765973234
können,1.0397207708399179
relevant,1.0986122886681096
werden,0.410116318288409
ihr,0.6931471805599453
stark,0.6931471805599453
groß,1.0986122886681096
verbessert,0.6931471805599453
weit,0.6931471805599453
zusätzlich,0.6931471805599453
einige,0.6931471805599453
