lemma,shannon
der,1.5314099750036227
ein,0.9586918593253719
sein,1.1490596969706202
dies,1.3321790402101223
werden,1.0397207708399179
gut,1.0986122886681096
betroffen,0.6931471805599453
ihr,1.3208883431493221
anhaltend,0.6365141682948128
stark,0.6931471805599453
leiden,0.6365141682948128
können,1.2130075659799042
individuell,0.6365141682948128
verschieden,0.6931471805599453
multidimensional,0.6931471805599453
akut,0.6931471805599453
vollständig,0.6931471805599453
