lemma,shannon
sein,1.6459168300174678
ein,1.5390846424277733
weit,0.6931471805599453
der,1.6028461080976448
häufig,0.6365141682948128
betreffen,0.6931471805599453
dies,1.277034259466139
werden,0.6365141682948128
können,1.2206072645530173
negativ,0.6931471805599453
geben,0.6931471805599453
spezifisch,1.0397207708399179
angstauslösend,0.6931471805599453
sollen,1.0397207708399179
individuell,0.6931471805599453
ihr,0.5623351446188083
