lemma,shannon
sein,1.1874157698436563
ein,1.464574965418482
der,1.5201003493497234
welch,0.6365141682948128
alle,1.0397207708399179
akut,0.6931471805599453
sollen,1.3321790402101223
können,0.6931471805599453
spezifisch,0.6931471805599453
psychologisch,0.6931471805599453
weiter,0.6931471805599453
wichtig,0.6365141682948128
werden,0.37677016125643675
müssen,1.0549201679861442
dies,1.329661348854758
effektiv,0.6931471805599453
