lemma,shannon
der,1.6554916258103938
haben,0.5623351446188083
finden,0.6931471805599453
telebasiert,0.6931471805599453
werden,1.277034259466139
dies,0.6365141682948128
ein,0.9180459180656309
sein,1.357977854987324
wichtig,0.6931471805599453
effektiv,0.6931471805599453
können,1.3730039128771998
zeigen,0.6931471805599453
persönlich,0.6365141682948128
zukünftig,0.6931471805599453
