lemma,shannon
der,1.6690862449098829
haben,0.6365141682948128
medizinisch,0.6365141682948128
ein,1.7122991825548037
unterschiedlich,0.5623351446188083
dies,1.2636544318820964
abgrenzen,0.6931471805599453
werden,0.5004024235381879
führen,0.6931471805599453
können,0.9433483923290392
ihr,0.6931471805599453
betrachten,0.6931471805599453
sein,0.8979457248567797
therapeutisch,0.6931471805599453
gemeinsam,0.6931471805599453
individuell,0.6931471805599453
gut,1.0549201679861442
