lemma,shannon
der,1.543375865845633
haben,0.9433483923290391
viel,0.6931471805599453
dies,1.1682824501765625
werden,1.3208883431493221
sein,1.0114042647073518
ein,1.5171063970610275
können,1.4941751382893085
neu,0.6931471805599453
verstärken,0.6931471805599453
weit,0.6931471805599453
ihr,0.6931471805599453
wertvoll,0.6931471805599453
wichtig,0.6931471805599453
müssen,0.6931471805599453
verbessern,0.6931471805599453
