lemma,shannon
der,1.642879442399759
sein,1.0296530140645737
allergisch,1.0986122886681096
dies,1.3296613488547582
erheblich,0.6931471805599453
geben,0.6931471805599453
therapeutisch,0.6931471805599453
ein,1.1369165918330006
spezifisch,0.6365141682948128
werden,0.5623351446188083
selten,0.6931471805599453
ihr,1.0986122886681096
können,1.15374194270109
sicher,0.6931471805599453
weit,0.6931471805599453
hoch,0.6931471805599453
