lemma,shannon
der,1.6368604898706116
ein,1.4357470435705602
werden,0.8599672810355049
evidenzbasiert,1.0397207708399179
dies,1.3321790402101223
verschieden,1.0397207708399179
ihr,1.0986122886681096
sein,0.5004024235381879
können,1.0986122886681096
systematisch,0.6931471805599453
bieten,0.6365141682948128
zukünftig,0.6931471805599453
eigen,0.6931471805599453
