lemma,shannon
ein,1.5654451070633326
der,1.742056012689516
werden,0.6730116670092565
sein,1.1490596969706202
evidenzbasiert,0.6365141682948128
nachhaltig,0.6931471805599453
beitragen,0.6365141682948128
verschieden,0.6365141682948128
weit,0.6365141682948128
ander,1.0986122886681096
dies,1.2148896539491203
müssen,0.5623351446188083
können,0.8675632284814612
haben,0.6365141682948128
unser,0.6931471805599453
wichtig,0.6931471805599453
relevant,0.6931471805599453
