lemma,shannon
der,1.8302547964407292
ein,1.2281058514681364
sein,1.3862943611198906
dies,1.3296613488547582
werden,1.0789922078775833
welch,0.6365141682948128
unser,0.6931471805599453
haben,0.9743147528693494
ergeben,0.6365141682948128
signifikant,0.6365141682948128
möglich,0.6931471805599453
potentiell,0.6931471805599453
können,1.0549201679861442
wir,0.6931471805599453
