lemma,shannon
ein,1.5242876928431006
der,1.6475456476940644
sein,1.5089177597971122
global,0.6365141682948128
dies,1.0114042647073516
genetisch,0.6931471805599453
breit,0.6931471805599453
zeigen,0.6365141682948128
werden,1.0296530140645737
können,0.5623351446188083
ander,0.6365141682948128
neutralisierend,0.6931471805599453
neu,0.6931471805599453
erfolgreich,1.0986122886681096
groß,0.6931471805599453
