lemma,shannon
ein,1.3579778549873245
der,1.5706726766553822
dies,1.3321790402101223
partizipativ,1.0397207708399179
qualitativ,0.6931471805599453
werden,0.6365141682948128
zukünftig,0.6931471805599453
sein,1.3321790402101223
wissenschaftlich,0.6365141682948128
nutzen,0.6365141682948128
verschieden,0.6931471805599453
neu,0.6365141682948128
groß,0.6931471805599453
zeigen,0.6931471805599453
können,0.6931471805599453
stark,0.6931471805599453
