lemma,shannon
der,1.54451606683008
digital,1.0437570363314086
ein,1.331660286822432
werden,0.6615632381579821
gesundheitlich,0.7356219397587946
können,1.3421131789144003
sein,0.9743147528693494
solch,0.6365141682948128
alt,0.6931471805599453
Digital,0.6365141682948128
sozial,0.5004024235381879
strukturell,0.6931471805599453
dies,0.9950269901795212
möglich,0.6931471805599453
sollen,1.0397207708399179
fördern,0.6365141682948128
ihr,0.6931471805599453
bleiben,0.6931471805599453
