lemma,shannon
der,1.6210553888159474
sein,1.2130075659799042
ein,1.236684869140504
haben,0.6931471805599453
dies,0.6931471805599453
dürfen,0.6931471805599453
aktuell,0.6931471805599453
kurzfristig,0.6931471805599453
werden,0.8675632284814612
neu,0.6931471805599453
medizinisch,0.6365141682948128
ihr,0.6931471805599453
