lemma,shannon
der,1.5471983505359808
ihr,1.0986122886681096
ein,1.2130075659799042
individuell,0.6931471805599453
sein,0.6365141682948128
dies,1.5498260458782016
solch,1.0986122886681096
werden,0.6730116670092565
hoch,0.6365141682948128
interindividuell,0.6931471805599453
unterschiedlich,1.0986122886681096
gut,0.6931471805599453
kognitiv,1.3321790402101223
stehen,0.6365141682948128
vorliegend,0.6931471805599453
