lemma,shannon
der,1.6435959179135602
ein,1.5124511784664483
anhaltend,0.6931471805599453
weltweit,1.0397207708399179
sein,1.0905994737794786
ihr,1.0397207708399179
werden,1.0986122886681096
haben,0.9502705392332347
medizinisch,0.9743147528693494
gesundheitlich,0.6931471805599453
individuell,0.6931471805599453
infektiologisch,0.6365141682948128
selten,0.6931471805599453
unterschiedlich,0.6931471805599453
sollen,0.6931471805599453
