lemma,shannon
der,1.5909126794742234
stellen,0.6365141682948128
ein,1.1569876443452742
digital,0.6365141682948128
werden,1.2554823251787535
personell,0.6931471805599453
dies,1.1988493129136213
nutzen,0.6931471805599453
einige,0.6931471805599453
führen,0.6931471805599453
sein,1.0114042647073518
deutsch,0.6931471805599453
zentral,0.6931471805599453
häufig,0.5623351446188083
strukturell,0.6931471805599453
