lemma,shannon
der,1.352218094030137
ein,1.1973401339967784
neurodegenerativ,0.6730116670092565
werden,0.6931471805599453
klinisch,0.9502705392332347
ausschließen,0.6931471805599453
kognitiv,1.0549201679861442
möglich,0.6931471805599453
intrathekal,0.6931471805599453
dies,1.3321790402101223
isoliert,0.6365141682948128
verschieden,0.6365141682948128
ausreichend,0.6931471805599453
diagnostisch,1.0986122886681096
