lemma,shannon
der,1.5741241305901346
haben,0.5004024235381879
ein,1.679204331602707
unterschiedlich,0.6931471805599453
bestehen,0.6931471805599453
sein,0.6901856760188042
bestimmt,0.6931471805599453
dies,1.3321790402101223
verschieden,0.6931471805599453
definieren,0.5623351446188083
gemeinsam,0.6931471805599453
können,0.5623351446188083
relevant,0.6931471805599453
evidenzbasiert,0.5004024235381879
