lemma,shannon
werden,0.6931471805599453
der,1.6053124688591105
haben,0.6365141682948128
ein,1.2636256721237276
groß,1.0397207708399179
liegen,0.6365141682948128
pulsoxymetrisch,0.6931471805599453
hoch,0.6365141682948128
arteriell,0.6931471805599453
sein,0.9556998911125343
erhöht,0.6365141682948128
akut,0.6931471805599453
gesund,0.6931471805599453
