lemma,shannon
der,1.4634375931929946
leiden,0.6931471805599453
gewinnen,0.6931471805599453
wissenschaftlich,0.6931471805599453
therapeutisch,0.6931471805599453
werden,0.6829081047004717
ein,1.4469189829363256
alle,0.6931471805599453
sein,0.7356219397587946
können,0.6365141682948128
einheitlich,0.6365141682948128
beschreiben,0.9502705392332347
geben,0.6365141682948128
verwenden,0.6931471805599453
ihr,0.6931471805599453
dies,1.5498260458782016
