lemma,shannon
der,1.4756322797154164
klinisch,0.6837389058487535
werden,1.0337005498525014
alle,0.6365141682948128
dies,1.5498260458782016
sein,0.8675632284814612
haben,1.0986122886681096
können,0.6931471805599453
medizinisch,0.6931471805599453
welch,1.3862943611198906
nützlich,0.6931471805599453
darstellen,0.6365141682948128
unabhängig,0.6931471805599453
ein,1.0986122886681096
