lemma,shannon
der,1.611051686629495
werden,0.5004024235381879
sein,1.6957425341696346
dies,0.6931471805599453
kommen,0.6931471805599453
viel,0.6365141682948128
ander,0.6365141682948128
ein,1.0317671113505356
solch,0.6931471805599453
infektiologisch,0.6931471805599453
unterschiedlich,0.6365141682948128
lokal,0.6931471805599453
effizient,0.6931471805599453
um,0.6365141682948128
diagnostisch,0.6931471805599453
sonstig,0.6931471805599453
flächendeckend,0.6931471805599453
