human,continue,explain,create
,,,0.03333333333333333
,,,0.041666666666666664
,,,0.05263157894736842
,,0.125,
