human,continue,explain,create
,,,0.02857142857142857
,,,0.11538461538461539
,,0.23809523809523808,
