human,continue,explain,create
,,,0.037037037037037035
,,,0.06382978723404255
,,0.1470588235294117,
,0.2,0.2962962962962963,
,,,0.08
0.23529411764705882,,,
0.4318181818181818,,,
0.36666666666666664,1.0,,
0.3333333333333333,,,
,,,0.125
,0.17647058823529413,,0.02631578947368421
0.6363636363636364,,,
0.5333333333333333,,,
0.3333333333333333,,,
