human,continue,explain,create
,,,0.0975609756097561
,,,0.15384615384615385
